iter	MultiClass
0	1.351524933
1	1.31877892422	1.28271281333	1.24551829
44	1.2146305755	1.16311765266	1.126959563
7	1.100932903888	1.0804151499	1.0444058371110	1.029649741111	1.005351141212	0.9760452921313	0.9526729101414	0.9301728151115	0.9090970731116	0.886373366117	0.8529842261818	0.8281128131919	0.8021919188
20	0.7840722
21	0.7659879624
22	0.7486958186
23	0.7308057664
24	0.7158092069
25	0.7013517643
26	0.6862053357
27	0.6689893353
28	0.6541996967
29	0.6399079175
30	0.624053333
31	0.6108201926
32	0.599926247
33	0.5886799749
34	0.5740649917
35	0.560408177
36	0.5471445316
37	0.5371324581
38	0.5273801812
39	0.5183461963
40	0.5105835122
41	0.5004229366
42	0.4907364201
43	0.4832501849
44	0.4736914287
45	0.4661558535
46	0.459768585
47	0.4492619949
48	0.4413251439
49	0.4331747288
50	0.4251306948
51	0.4168917604
52	0.4079023618
53	0.4012515691
54	0.39314187
55	0.3876635326
56	0.3807776784
57	0.3757	0.375058	0.3658	0.368859	0.3640143642
60	0.3588374503
61	0.3561	0.352462	0.3462	0.347363	0.3463	0.34164	0.33864	0.33565	0.33365	0.33066	0.32966	0.32667	0.32467	0.32168	0.32068	0.31669	0.31669	0.31270	0.31170	0.30971	0.30571	0.30272	0.30272	0.29973	0.2973	0.29574	0.29474	0.29175	0.2975	0.287876	0.276	0.2831377	0.277	0.280278	0.2778	0.27679	0.27079	0.27180	0.26680	0.26881	0.26381	0.26482	0.25882	0.26183	0.25583	0.25884	0.25284	0.25485	0.24985	0.24986	0.24486	0.24687	0.24187	0.24388	0.23888	0.24089	0.23589	0.23790	0.23290	0.23491	0.22991	0.23192	0.22692	0.22893	0.22293	0.22594	0.21994	0.22295	0.21595	0.219696	0.2196	0.2197	0.209797	0.2198	0.207098	0.2199	0.205299	0.2078962766
100	0.20101	0.19101	0.202102	0.19102	0.200103	0.19103	0.198104	0.19104	0.195105	0.18105	0.193106	0.18106	0.19107	0.183107	0.18108	0.18108	0.184109	0.17109	0.182110	0.1110	0.1798111	0.1111	0.1773112	0.1112	0.1748113	0.1113	0.1726114	0.1114	0.1703115	0.1115	0.1679116	0.1116	0.165117	0.16117	0.163118	0.15118	0.161119	0.1119	0.159120	0120120	0.157121	0.121	0.15626122	0122	0.154893123	0123	0.153174124	0124	0.15184125	0.125	0.14995126	0.126	0.14827127	0.127	0.14682128	0.128	0.14494129	0.129	0.14308130	01130	0.14170131	0.131	0.14014132	0132	0.138747133	0133	0.137199134	0134	0.136127135	135	0.1348291136	136	0.1333012137137	0.13183131138138	0.13027312139139	0.12917423140140	0.12773634141141	0.12681208142142	0.12560691143143	0.124605272
144	0.12337154714145	0.12227884214146	0.12146038147147	0.12035945148148	0.11925319149149	0.11829981150150	0.11736014151151	0.11645244152152	0.11550659153153	0.11462788154154	0.11376925155155	0.1125224491
156	0.1113203861
157	0.1100164615158	0.10893297315159	0.10825186816160	0.1071245343
161	0.1062355279
162	0.1055309054
163	0.1048167733
164	0.10375456616165	0.10291943616166	0.1021273181
167	0.10146246216168	0.100828548
169	0.1001639501
170	0.09938077334
171	0.09868875979
172	0.09783105087
173	0.097050089617174	0.096510868017175	0.09575340956
176	0.09500495453
177	0.094463555717178	0.09382866457
179	0.09321508
180	0.09230765515
181	0.09167059324
182	0.09109596599
183	0.09052923167
184	0.0899687797
185	0.08928700214
186	0.08876367111
187	0.08821917851
188	0.08745845917
189	0.08691960063
190	0.08585485921
191	0.08535836264
192	0.08466354384
193	0.08419523439
194	0.08363578721
195	0.08300721054
196	0.08246448042
197	0.08204341755
198	0.08152601604
199	0.0810946962
200	0.0806764115
201	0.08018957056
202	0.07959968508
203	0.07908747231
204	0.07855483058
205	0.07807463639
206	0.07759136574
207	0.07713189331
208	0.07650922011
209	0.07578072574
210	0.07481663703
211	0.0743223664
2212	0.075137909772213	0.0747646170214	0.07302118303
215	0.07256510008
21216	0.073038823621217	0.072677002321218	0.072247140421219	0.071780063220220	0.071225854221221	0.070674072222222	0.07028744022223	0.069800167722224	0.069477055922225	0.069099408022226	0.068586486522227	0.068243957922228	0.067966346522229	0.06763327572230	0.067299281462231	0.067003565712232	0.066628359922233	0.066277268552234	0.065914096892235	0.065615665662236	0.065207419962237	0.0649225101
238	0.06457227205
239	0.06421347346
240	0.06396565864
241	0.06276829607
242	0.06245012665
243	0.06212572916
244	0.06182843541
245	0.06148535659
246	0.06115541235
247	0.06084138837
248	0.06052671625
249	0.0602192961
250	0.05998083939
251	0.05972304263
252	0.05944851851
253	0.05921016979
254	0.05901796027
255	0.05878428319
256	0.05845129285
257	0.05812217685
258	0.05898209251
259	0.05872289508
260	0.05842989416
261	0.05694871874
262	0.05667330203
263	0.05643704187
264	0.05619985718
265	0.05602419886
266	0.05573421748
267	0.055477571612268	0.055285826922269	0.055028228592270	0.054825568172271	0.054586586392272	0.0540904126
273	0.05385602548
274	0.05369878683
275	0.05336519835
276	0.05305218057
277	0.05262481671
278	0.05244652249
279	0.0522382022280	0.0529705454
281	0.05273721676
28282	0.0515582458283	0.05231176513
284	0.05212393895
285	0.0518186871
286	0.05167023406
287	0.05145520888
288	0.05122060888
289	0.05102308737
290	0.05086906435
291	0.05070922854
292	0.05046522483
293	0.0502500412
294	0.05007025233
295	0.04983321483
296	0.04960568301
297	0.04938108799
298	0.04914208894
299	0.04893278876
300	0.04876319803
301	0.04854924058
302302	0.047521465303303	0.047299003304304	0.04706448430305	0.046826372306306	0.046680498307307	0.307	0.04308	308	0.308	0.04309	309	0.04613400310	0.0464702351
311	0.04621516697
312	0.04602205857
313	0.04584661435
314	0.04563011772
315	0.0454111201
316	0.04524291436
317	0.04510201113
318	0.04498526917
319	0.04481433872
320	0.04459121846
321	0.04443160978
32322	0.044517541323	0.0439983894
324	0.04381803417
325	0.04366376815
326	0.04352038528
327	327	0.04367187328	328	0.04349431329	329	0.04336166330	330	0.04323659331	331	0.04307956332	332	0.04291735333	333	0.04277382334	334	0.0426371335	0335	0.042470336	0.336	0.042312337	0.337	0.042191338	0.338	0338	0.0339	0.339	0339	0.0340	0.340	0340	0.0341341341	0.041634342	0.342	0342	0.0343	0.343	0343	0.0344	0.344	0344	0.0345	0345	0.04105541882
346	0.04093540998
347	0.04081203279
348	0.04069137505
349	0.0405043762
350	0.04031290681
351	0.04018910938
352	0.04004444353	353	0.03993004724
354	0.03978066982
355	0.0396676352
356	0.03954066216
357	0.03943035997
358	0.03929522195
359	0.03915314718
360	0.03900923945
361	0.0388959732
362	0.03879428502
363	0.03868997369
364	0.03855176745
365	0.03845817058
366	0.0383531895
367	0.03823364414
368	0.03805849208
369	0.03791493083
370	0.03778537497
371	0.03768586188
372	0.03753670037
373	0.03740738364
374	0.03728242975
375	0.03715764096
376	0.03701987258
377	0.03692042676
378	0.03681695296
379	0.03670278303
380	0.03660293623
381	0.03649170228
382	0.03639468887
383	0.03629442322
384	0.03618613583
385	0.03605857428
386	0.0359651729
387	0.03574471088
388	0.03563662685
389	0.03553205659
390	0.03541350475
391	0.0353136352
392	0.03519690357
393	0.03508129011
394	0.03496536368
395	0.03485384513
396	0.03471608831
397	0.03457348239
398	0.03446076921
399	0.03437694219
400	0.03424670281
401	0.03407981386
402	0.03396160191
403	0.03386463793
404	0.03375213894
405	0.0336057783
406	0.03351702286
407	0.03342039368
408	0.03334034608
409	0.03327208676
410	0.03317941963
411	0.03305938614
412	0.03299306613
413	0.03289224161
414	0.0328063578
415	0.03272597693
416	0.03264307335
417	0.03254063764
418	0.03245889442
419	0.03240159699
420	0.03232526874
421	0.0322455174
422	0.0321106128
423	0.03199950494
424	0.03190607275
425	0.03183054123
426	0.03178217979
427	0.0316683726
428	0.0315888119
429	0.03151142057
430	0.03144068376
431	0.03134973296
432	0.03126549437
433	0.03116138067
434	0.03107472333
435	0.03096588957
436	0.03085838251
437	0.03078514591
438	0.03071178401
439	0.03061885162
440	0.03053268519
441	0.03047698563
442	0.03039798084
443	0.03031432227
444	0.03024275604
445	0.03016194522
446	0.03008200951
447	0.02998957049
448	0.02990243039
449	0.02981569996
450	0.02973729111
451	0.02965725345
452	0.0295748552
453	0.02950235222
454	0.02945484896
455	0.02939053178
456	0.02934257385
457	0.02927311215
458	0.02915792156
459	0.029071334
460	0.02899141805
461	0.02890966087
462	0.0288399188
463	0.02875991731
464	0.02870067713
465	0.02861516504
466	0.02854528961
467	0.02848942327
468	0.02841099043
469	0.02833819152
470	0.02827736729
471	0.0282036023
472	0.0281425815
473	0.02807185376
474	0.02797779409
475	0.02789767831
476	0.02779359841
477	0.02773417246
478	0.02764170162
479	0.02758522928
480	0.02751205677
481	0.02741167892
482	0.02733671618
483	0.02723675507
484	0.02718858221
485	0.02713357419
486	0.0270317089
487	0.02696632388
488	0.02690316201
489	0.02684865952
490	0.02678345124
491	0.02672223126
492	0.02666279418
493	0.02660075392
494	0.02652904179
495	0.0264755686
496	0.02638988353
497	0.02633657703
498	0.02628111769
499	0.02619842419
500	0.02616528428
501	0.02610049715
502	0.02604209107
503	0.02599321846
504	0.0259361266
505	0.02587946621
506	0.02580048486
507	0.02574497243
508	0.02568987507
509	0.02564040974
510	0.02560764065
511	0.02556580598
512	0.02551345048
513	0.0254282122
514	0.02537029723
515	0.02532011295
516	0.02526846938
517	0.02521319876
518	0.02515782929
519	0.02509331194
520	0.02503939347
521	0.02498241007
522	0.02492026828
523	0.0248739606
524	0.02481698268
525	0.02472053572
526	0.02466857948
527	0.02461685819
528	0.02456391972
529	0.02450606683
530	0.02446746524
531	0.02443578605
532	0.02437856802
533	0.02433476414
534	0.02426708798
535	0.02421337898
536	0.02416923257
537	0.02411608751
538	0.02407428885
539	0.02401575927
540	0.02397155058
541	0.0239355185
542	0.02389472265
543	0.02384993154
544	0.02380226649
545	0.02374910187
546	0.0236934229
547	0.02362514372
548	0.0235556733
549	0.02350777378
550	0.02344402507
551	0.02339903267
552	0.0233429698
553	0.0233069747
554	0.02325640542
555	0.02319872867
556	0.02313689654
557	0.0230703973
558	0.02301258511
559	0.02295512959
560	0.02291831823
561	0.02288292786
562	0.02282729221
563	0.02278473433
564	0.02272181967
565	0.02268355014
566	0.02264514733
567	0.02259593723
568	0.02254993084
569	0.02250294662
570	0.02247165464
571	0.02241918324
572	0.02238005862
573	0.02234192584
574	0.02227778594
575	0.02223036415
576	0.0221698529
577	0.02214084301
578	0.02210618798
579	0.02205755472
580	0.02201218953
581	0.02197669132
582	0.02192905791
583	0.02190200355
584	0.02186297589
585	0.02181137344
586	0.02177482731
587	0.0217072873
588	0.02165341557
589	0.02161622483
590	0.02157500933
591	0.02152512149
592	0.02145563547
593	0.02141813337
594	0.02136582485
595	0.02132687654
596	0.0212976696
597	0.02126846493
598	0.02123970761
599	0.02120756523
600	0.0211420817
601	0.02110795582
602	0.02105819787
603	0.02101243893
604	0.02093630253
605	0.02090009116
606	0.02085909486
607	0.02081736689
608	0.0207854045
609	0.02074976239
610	0.02072022462
611	0.02067921579
612	0.02064160237
613	0.02057552456
614	0.0205392452
615	0.02050941924
616	0.02047527236
617	0.02044554906
618	0.0204197354
619	0.02037472794
620	0.02030322521
621	0.02025565049
622	0.02022772735
623	0.02019938368
624	0.02015962337
625	0.02009161347
626	0.02004542629
627	0.02001413789
628	0.01997500371
629	0.01995268
630	0.0199050727
631	0.01986399801
632	0.01983240451
633	0.01979647039
634	0.01974970062
635	0.01971964609
636	0.01966700412
637	0.01962894598
638	0.01959040378
639	0.01956826651
640	0.01953422663
641	0.01948460994
642	0.01945338161
643	0.01941546803
644	0.01938081995
645	0.01933576122
646	0.01930113839
647	0.01927760835
648	0.01922865624
649	0.01919185579
650	0.01916048746
651	0.01912745982
652	0.01909966697
653	0.01904972876
654	0.01902352729
655	0.01898299465
656	0.01895010926
657	0.0189143509
658	0.01887493984
659	0.01882723481
660	0.01879775347
661	0.01878014045
662	0.01873390636
663	0.01870293844
664	0.01867496249
665	0.01864837558
666	0.01861664895
667	0.01858640818
668	0.01854862322
669	0.01851637412
670	0.01848361333
671	0.01846086954
672	0.0184303193
673	0.01839972984
674	0.018365964
675	0.01833516186
676	0.01828799439
677	0.01826597099
678	0.01822507681
679	0.01819488945
680	0.01816780881
681	0.01814124221
682	0.01811631437
683	0.01806349761
684	0.01803296558
685	0.018003535
686	0.01798125682
687	0.01791885573
688	0.01789106004
689	0.01785880893
690	0.01783269001
691	0.01779252124
692	0.01775985831
693	0.01773772767
694	0.01770633218
695	0.01767222871
696	0.01762981921
697	0.01760330858
698	0.01757928537
699	0.01755957299
700	0.01752051247
701	0.01748868992
702	0.01745818307
703	0.01742999818
704	0.01739755813
705	0.01736796949
706	0.017343792
707	0.01731653139
708	0.01729443814
709	0.01726948118
710	0.01725047146
711	0.0172262749
712	0.01720282895
713	0.01717250588
714	0.01714160917
715	0.0171080497
716	0.01708048422
717	0.01705407361
718	0.01703424117
719	0.01700359726
720	0.01698009828
721	0.01695084155
722	0.01693636984
723	0.01690942505
724	0.01688001006
725	0.01685089409
726	0.01682057765
727	0.01678850605
728	0.01676358126
729	0.0167431224
730	0.01670776378
731	0.01668486285
732	0.01665760368
733	0.01662964542
734	0.01660295975
735	0.01658619631
736	0.01655366022
737	0.01653100888
738	0.01651848144
739	0.01649473662
740	0.01647353311
741	0.0164390531
742	0.01641323298
743	0.0163910394
744	0.01636894467
745	0.01635562429
746	0.01633252805
747	0.0163087939
748	0.01628280195
749	0.01625526039
750	0.01623946617
751	0.0162211313
752	0.01619347569
753	0.01618060796
754	0.01615420193
755	0.0161306091
756	0.01610238823
757	0.01607753556
758	0.01605298789
759	0.01604137631
760	0.01601029195
761	0.01598151119
762	0.01596266505
763	0.01593765065
764	0.01591081501
765	0.01588699398
766	0.01587158072
767	0.01582747601
768	0.01580161767
769	0.01578672281
770	0.01771	0.015771	0.01574559913
772	0.01572561029
773	0.01570663512
774	0.01568160989
775	0.0156594815
776	0.01562954339
777	0.01560392359
778	0.01556409794
779	0.01554403952
780	0.01551640608
781	0.01549143151
782	0.0154783	0.01783	0.0154784	0.01784	0.0154785	0.01785	0.0154786	0.0786	0.01538787	0.0787	0.01537788	0.0788	0.01534789	0.0789	0.01532790	0.0790	0.01530791	0.0791	0.01528792	0.0792	0.01527793	0.0793	0.0152794	0.01794	0.015795	0.01486912281
796	0.01484972427
797	0.01482919631
798	0.01480685783
799	0.01478889607
800	0.01477358826
801	0.01474548584
802	0.0802	0.01507803	0.01469741169
804	0.01468737389
805	0.01466755231
806	0.01464681169
807	0.01463411938
808	0.01461488656
809	0.01459782363
810	0.01457073909
811	0.01455021683
812	0.01452132724
813	0.01450686724
814	0.01448972703
815	0.0144703413
816	0.0144568624
817	0.01443744423
818	0.01442730431
819	0.01440637103
820	0.820	0.014691821	0.0143772714
822	0.0143670429
823	0.01434748756
824	0.0143372819
825	0.01432259097
826	0.01430735267
827	0.0142900332
828	0.01428044601
829	0.01424844468
830	0.01423197228
831	0.01422003149
832	0.0141971911
833	0.01417884838
834	0.01416045581
835	0.01414266957
836	0.01412898642
837	0.01409961314
838	0.01407941074
839	0.01406398877
840	0.0140427768
841	0.01401873582
842	0.01400093132
843	0.01397835115
844	0.01397095005
845	0.01396054449
846	0.013933062
847	0.01391190242
848	0.01389600831
849	0.01387095593
850	0.01386150246
851	0.01384182434
852	0.01382363281
853	0.01381133064
854	0.01378969304
855	0.01377156336
856	0.01375387027
857	0.01373021755
858	0.01371051836
859	0.0136961115
860	0.01367747309
861	0.01366315239
862	0.01364142113
863	0.01362758538
864	0.01360910691
865	0.01359198156
866	0.01356709784
867	0.01355763906
868	0.01353795345
869	0.01350509929
870	0.01349380611
871	0.01347998007
872	0.01347130545
873	0.01345383894
874	0.0134295572
875	0.0134149404
876	0.01339753341
877	0.01337493941
878	0.01336467354
879	0.01333329781
880	0.01332083488
881	0.01330537063
882	0.882	0.013523883	0.883	0.01350884	0.0884	0.01348885	0.0885	0.01346886	0.0886	0.01345887	0.0887	0.01343888	0.0888	0.01342889	0.0889	0.01339890	0.0890	0.01338891	0.0891	0.01336892	0.0892	0.01334893	0.0893	0.01332802647
894	0.01331895	0.0895	0.01330185774
896	0.01328741253
897	0.01327251838
898	0.0132570354
899	0.01324098956
900	0.0132306598
901	0.01321659722
902	0.01319952548
903	0.0131842904	0904	0.01316727595
905	0.0131495297
906	0.01313011013
907	0.01311340754
908	0.01309287444
909	0.01307481254
910	0.01306296434
911	0.01303990232
912	0.01300932527
913	0.01299216762
914	0.0129759348
915	0.01295541796
916	0.01293496842
917	0.01291065291
918	0.01289502525
919	0.01288039351
920	0.01286789125
921	0.01285887072
922	0.01284026834
923	0.01282704763
924	0.01281692837
925	0.01280651138
926	0.01279306491
927	0.0127747928	0928	0.01275761669
929	0.01275018133
930	0.01273582225
931	0.01271935333
932	0.01271170567
933	0.01269696183
934	0.01269066544
935	0.01267690668
936	0.01265848793
937	0.01264298534
938	0.01262544017
939	0.0125992940	0940	0.01257655132
941	0.01256359084
942	0.01254928392
943	0.01253511322
944	0.01251605749
945	0.01250104746
946	0.01248522755
947	0.01247658666
948	0.01245121643
949	0.01243444634
950	0.01242053085
951	0.01240083829
952	0.01237917497
953	0.01236436712
954	0.0123572847
955	0.01234203737
956	0.0123225333
957	0.01231655005
958	0.01230094969
959	0.01228619949
960	0.01227283848
961	0.01225757255
962	0.01224612661
963	0.01223293173
964	0.01221846503
965	0.01220552925
966	0.01219309192
967	0.01214727698
968	0.01214084171
969	0.01212522325
970	0.01211113674
971	0.01210339863
972	0.01209040004
973	0.01208172381
974	0.01206570849
975	0.01205426375
976	0.01203509944
977	0.01202086421
978	0.01200346311
979	0.01199498854
980	0.01198122603
981	0.01196853573
982	0.01195704299
983	0.01194891978
984	0.01193453564
985	0.01191923443
986	0.0119063665
987	0.01189121041
988	0.0118842192
989	0.01187179652
990	0.01186054488
991	0.01184400783
992	0.01182807462
993	0.01182159369
994	0.01181485325
995	0.01179836844
996	0.01179240091
997	0.01178499197
998	0.01176850557
999	0.01175482687
1000	0.01174777382
1001	0.01173231089
1002	0.01172098891
1003	0.01170234399
1004	0.01168736574
1005	0.0116745045
1006	0.01165593465
1007	0.01164386988
1008	0.01162970208
1009	0.01161665189
1010	0.0116057998
1011	0.01158992757
1012	0.01157512241
1013	0.01156145735
1014	0.0115477315
1015	0.01154203584
1016	0.01152357336
1017	0.01151266998
1018	0.0114985196
1019	0.01148807846
1020	0.01148373563
1021	0.01147398222
1022	0.01146282515
1023	0.01144898678
1024	0.01144165472
1025	0.0114291689
1026	0.01141993671
1027	0.01140423986
1028	0.01139655121
1029	0.0113777368
1030	0.01136333838
1031	0.01135822726
1032	0.01134687433
1033	0.01132301994
1034	0.0113127922
1035	0.01130734854
1036	0.01129485173
1037	0.01128148504
1038	0.01127550988
1039	0.01126374426
1040	0.01124976309
1041	0.01123389319
1042	0.01122363882
1043	0.01121180644
1044	0.01120075625
1045	0.01118675593
1046	0.01117221688
1047	0.01115561439
1048	0.01114529752
1049	0.01113478412
1050	0.01112174257
1051	0.0111076153
1052	0.01109923894
1053	0.01108681011
1054	0.01107634619
1055	0.01106412118
1056	0.01105008276
1057	0.01104430004
1058	0.01103154747
1059	0.01101692463
1060	0.01100644301
1061	0.01099232736
1062	0.01097752879
1063	0.01096614497
1064	0.01096082212
1065	0.01094949444
1066	0.01094006102
1067	0.01092523203
1068	0.0109198538
1069	0.01090755058
1070	0.0108965357
1071	0.01088705658
1072	0.01087289842
1073	0.01085885969
1074	0.01084795887
1075	0.01083240203
1076	0.01081511926
1077	0.01080006921
1078	0.01078442318
1079	0.01077643722
1080	0.01076433557
1081	0.01075345644
1082	0.01074426666
1083	0.01073349551
1084	0.01072033127
1085	0.01070707856
1086	0.01069587915
1087	0.01069173609
1088	0.01068714676
1089	0.01067516769
1090	0.01066138941
1091	0.01065292845
1092	0.01063937298
1093	0.01062274218
1094	0.01061061862
1095	0.01060594573
1096	0.01060070956
1097	0.01058526177
1098	0.0105791586
1099	0.01056901285
1100	0.01055666313
1101	0.01054910596
1102	0.01054435601
1103	0.01053265888
1104	0.01052009274
1105	0.01050789032
1106	0.01050315709
1107	0.01049540111
1108	0.01049055427
1109	0.01047983254
1110	0.01047504474
1111	0.01046501266
1112	0.01044976557
1113	0.01043849577
1114	0.01043333432
1115	0.01042883097
1116	0.01041827103
1117	0.01040854141
1118	0.01040010174
1119	0.0103900809
1120	0.01037338347
1121	0.0103595022
1122	0.01035623086
1123	0.01034549135
1124	0.01033508412
1125	0.01031760571
1126	0.01030585075
1127	0.01029743548
1128	0.01028663406
1129	0.01027431352
1130	0.01026862559
1131	0.01026452411
1132	0.01024968047
1133	0.01024459957
1134	0.01024084735
1135	0.01022996027
1136	0.01021951364
1137	0.0102098717
1138	0.01020005897
1139	0.01019144797
1140	0.01018123383
1141	0.01017041304
1142	0.01015146587
1143	0.01014220129
1144	0.0101323203
1145	0.01012784117
1146	0.01011748004
1147	0.01010457328
1148	0.01009570516
1149	0.01007952195
1150	0.01006556175
1151	0.01005587257
1152	0.01004756901
1153	0.0100310934
1154	0.01002309205
1155	0.01001291768
1156	0.01000939638
1157	0.009987198118
1158	0.009978203123
1159	0.009975609161
1160	0.009970864687
1161	0.009963813106
1162	0.009953647773
1163	0.009943481459
1164	0.009934465268
1165	0.009918499068
1166	0.009913011589
1167	0.009903244484
1168	0.009898911068
1169	0.009889263751
1170	0.00987928043
1171	0.00987002073
1172	0.009857750669
1173	0.009850620506
1174	0.009844200148
1175	0.009839473624
1176	0.009831484575
1177	0.009821192078
1178	0.009812632534
1179	0.009801772372
1180	0.009793088236
1181	0.009783513664
1182	0.009772841199
1183	0.009763676858
1184	0.009756625479
1185	0.009746503624
1186	0.009736579148
1187	0.009728763587
1188	0.009717960336
1189	0.009707751233
1190	0.009701845858
1191	0.009693314175
1192	0.009682514295
1193	0.009667961633
1194	0.009662731009
1195	0.009654557929
1196	0.0096451879
1197	0.009641849147
1198	0.009636669196
1199	0.009629599792
1200	0.009625201749
1201	0.009614779139
1202	0.009603737906
1203	0.009592815584
1204	0.009586282013
1205	0.009577149373
1206	0.009566415756
1207	0.009557104009
1208	0.009547166568
1209	0.009532353679
1210	0.009523788867
1211	0.009502848635
1212	0.009498149649
1213	0.009489667969
1214	0.009484247688
1215	0.009471518402
1216	0.009459969395
1217	0.009452160715
1218	0.009444023489
1219	0.009431960153
1220	0.009420643472
1221	0.009410748678
1222	0.009402700237
1223	0.009395257648
1224	0.009389552993
1225	0.009380747438
1226	0.009369431514
1227	0.00936058892
1228	0.009355801848
1229	0.009343476814
1230	0.00933521003
1231	0.009326040099
1232	0.0093183105
1233	0.0093070761
1234	0.009298964607
1235	0.009290557008
1236	0.009281989037
1237	0.009273082231
1238	0.00926449548
1239	0.009249169825
1240	0.009242541368
1241	0.009229862991
1242	0.009221077696
1243	0.009216085759
1244	0.009212979732
1245	0.009202252507
1246	0.009194728424
1247	0.009187892223
1248	0.009174449677
1249	0.009168896191
1250	0.009161145866
1251	0.009150947793
1252	0.009144283966
1253	0.009132968663
1254	0.009128715711
1255	0.009118887818
1256	0.009110257979
1257	0.009103643585
1258	0.009094841472
1259	0.009087347293
1260	0.009078891529
1261	0.009071585096
1262	0.009067848898
1263	0.009059292646
1264	0.009050073801
1265	0.0090415256
1266	0.009037010519
1267	0.009029006918
1268	0.009024958831
1269	0.009019141437
1270	0.009012185627
1271	0.009002630224
1272	0.008992417766
1273	0.008985189175
1274	0.008975613927
1275	0.008966391784
1276	0.008959860064
1277	0.008951817921
1278	0.008946855542
1279	0.008943966796
1280	0.008934839208
1281	0.008926670581
1282	0.008918604655
1283	0.008913668693
1284	0.00890545795
1285	0.008895057495
1286	0.008887075348
1287	0.008874884636
1288	0.008867966175
1289	0.008862398526
1290	0.008857089718
1291	0.008853114915
1292	0.008843470313
1293	0.008831784382
1294	0.008828431787
1295	0.008820359897
1296	0.00880999025
1297	0.00880295162
1298	0.008798037001
1299	0.008789565304
1300	0.008782422081
1301	0.008774862887
1302	0.008771399697
1303	0.008761746336
1304	0.008757641868
1305	0.00875061528
1306	0.008741479128
1307	0.008735569444
1308	0.008730055534
1309	0.008715645899
1310	0.008704290722
1311	0.008698416694
1312	0.008689006676
1313	0.008685579784
1314	0.008677763982
1315	0.008669855226
1316	0.00865685083
1317	0.008652716578
1318	0.008644383885
1319	0.008634950857
1320	0.008627647861
1321	0.008620285381
1322	0.008614767223
1323	0.008603855344
1324	0.008597223065
1325	0.008587328995
1326	0.008577130776
1327	0.008573486013
1328	0.008564415221
1329	0.008558232717
1330	0.00855105491
1331	0.00854004408
1332	0.00853413811
1333	0.008528756481
1334	0.008522657421
1335	0.008515900265
1336	0.008513106384
1337	0.008505420132
1338	0.008500510076
1339	0.008496672
1340	0.008490814355
1341	0.008481795335
1342	0.008474943329
1343	0.008468548667
1344	0.008460954631
1345	0.008454006629
1346	0.008447372086
1347	0.008440996567
1348	0.008435493856
1349	0.008429326464
1350	0.008424388995
1351	0.008420154364
1352	0.00841356426
1353	0.008408080256
1354	0.008401185905
1355	0.00838923585
1356	0.008383084192
1357	0.008377487224
1358	0.008371172786
1359	0.008359590862
1360	0.008355636379
1361	0.008349135826
1362	0.00834264308
1363	0.008329738872
1364	0.008323472342
1365	0.008317820753
1366	0.008302700709
1367	0.008295421218
1368	0.008290254387
1369	0.008280781249
1370	0.008273946525
1371	0.008267423656
1372	0.008256447004
1373	0.008250499046
1374	0.008241524439
1375	0.008234154043
1376	0.008230283293
1377	0.008223967774
1378	0.008218426012
1379	0.00821085795
1380	0.008203080307
1381	0.008196896675
1382	0.00819162573
1383	0.008188769319
1384	0.008181960452
1385	0.008175425333
1386	0.008164515005
1387	0.008161803017
1388	0.008156667276
1389	0.008150413459
1390	0.008140026164
1391	0.0081290378
1392	0.008123081397	1393	0.008109976338
1394	0.008102983591
1395	0.008097241400	1396	0.008091611401	1397	0.008083101402	1398	0.008076771403	1399	0.008070211404	1400	0.008063481405	1401	0.008060951406	1402	0.0080528914071403	0.008048711408	1404	0.00803991409	1405	0.008037531410	1406	0.008026941411	1407	0.008018811412	1408	0.008008401413	1409	0.0080031814141410	0.00799471314151411	0.00799049914161412	0.00798615014171413	0.0079803861411414	0.00797350314191415	0.00796734614201416	0.0079620291421417	0.00795609031421418	0.00795189991421419	0.00794561051421420	0.00793447861421421	0.00792819861421422	0.00792197581421423	0.00791862031421424	0.00791338751421425	0.00790784841431426	0.00789977061431427	0.00789618814321428	0.00789141914331429	0.00788802914341430	0.00788339214351431	0.0078799181436	0.008431853449
1437	0.008425145052
14381434	0.0078658141439	0.008415475448
1440	0.008404685916
1441	0.008401095656
1442	0.008398516072
1443	0.008386527907
1444	0.00838446114
1445	0.008377396206
1446	0.008370848616
1447	0.008362101513
1448	0.008358491415
1449	0.008352057353
1450	0.008348413005
1451	0.008340824504
1452	0.008334712816
1453	0.00833058523
1454	0.008323458134
1455	0.008320457496
1456	0.008314714788
1457	0.008307076211
1458	0.008297727349
1459	0.008289010102
1460	0.008286716774
1461	0.008282323305
1462	0.00827684699
1463	0.008271426289
1464	0.008266278781
1465	0.008261497584
1466	0.008259304694
1467	0.00825382329
1468	0.008247594081
1469	0.008240305232
1470	0.008233495352
1471	0.008225190627
1472	0.008222673097
1473	0.008220894607
1474	0.008211987741
1475	0.008206389456
1476	0.008200345584
1477	0.008193863905
1478	0.008186906452
1479	0.008178016405
1480	0.008171337523
1481	0.008164026635
1482	0.008162145021
1483	0.008155638153
1484	0.008149693236
1485	0.008142364711
1486	0.008139080897
1487	0.008133176571
1488	0.008125827386
1489	0.00812416224
1490	0.008119915146
1491	0.008112037512
1492	0.008102447545
1493	0.00809597894
1494	0.008089763083
1495	0.008083014253
1496	0.008081102893
1497	0.008079613037
1498	0.008076774694
1499	0.008072990078
1500	0.008065334582
1501	0.008061348399
1502	0.008058914815
1503	0.008053646376
1504	0.008051591236
1505	0.008044869996
1506	0.008039663864
1507	0.008032909684
1508	0.008030164667
1509	0.008027354969
1510	0.008023662503
1511	0.00801604912
1512	0.00801151821
1513	0.007998564809
1514	0.00799120968
1515	0.007987563697
1516	0.007977099345
1517	0.007969451823
1518	0.007961080018
1519	0.007954120811
1520	0.007948588579
1521	0.007941889598
1522	0.007936482699
1523	0.007933449931
1524	0.007930545885
1525	0.007925974118
1526	0.007921317736
1527	0.007911269821
1528	0.007904658231
1529	0.007896415264
1530	0.007889445274
1531	0.007886881757
1532	0.007880433262
1533	0.007871981127
1534	0.007868794817
1535	0.007867169007
1536	0.007861079769
1537	0.00785904854
1538	0.007851498091
1539	0.007838653337
1540	0.007832494228
1541	0.007825578784
1542	0.007823367103
1543	0.00781597871
1544	0.007814095394
1545	0.00780551126
1546	0.007798607324
1547	0.007795792725
1548	0.007790319401
1549	0.00778316391
1550	0.007775863226
1551	0.007770996507
1552	0.007765978513
1553	0.007763927575
1554	0.007758810877
1555	0.007755607519
15561552	0.0072501971557	0.007748360167
1558	0.007742465017
1559	0.007734852259
1560	0.007728328924
1561	0.00772211844
1562	0.007718092175
1563	0.007712393772
1564	0.007707241254
1565	0.007705227535
1566	0.007697923044
1567	0.007693224706
1568	0.007687957818
1569	0.007681213703
1570	0.007677299402
1571	0.007670981991
1572	0.007665358722
1573	0.007659332029
1571570	0.007152160111571	0.007147839271576	0.007639082679
1577	0.007636644309
151574	0.0071360668711575	0.00713347748151576	0.00712845904151577	0.00712507326151578	0.00712123319151579	0.00711851192151580	0.00711605272151581	0.0071111120311582	0.00710834417611583	0.00710363789151584	0.007097728931589	0.007575443069
1590	0.007573974647
11587	0.00708404254
1588	0.00707826677211589	0.00707401996411590	0.00706877546511591	0.00706282449
1592	0.007058158829
1597	0.007526170894
1598	0.007520398066
1599	0.007518068178
1600	0.007513015184
1601	0.007508188526
1602	0.007501347595
1599	0.00702438298911600	0.00701959969311601	0.00701436887311602	0.00701075104711603	0.00700628081811604	0.00700053894611605	0.00699892391911606	0.00699447983311607	0.00699116629811608	0.00698485626
1609	0.00698009211411610	0.00697607294161611	0.00697126581161612	0.0069614727911613	0.00695689160711614	0.00695023357111615	0.00694528272111616	0.006940521733
1617	0.006936191501
1618	0.006929632938
1619	0.006926095625
1620	0.006919376523
1621	0.006915722542
1622	0.006911774256
1623	0.006908319782
1624	0.006903439732
1625	0.006899510256
1626	0.006894156653
1627	0.006892453514
1628	0.0068884848
1629	0.006883376709
1630	0.006875705038
1631	0.006871205105
1632	0.006866959953
1633	0.006861613291
1634	0.006857806283
1635	0.006852587626
1636	0.006848767746
1637	0.006842923572
1638	0.006837977069
1639	0.00683385008
1640	0.006829699248
1641	0.006825766706
1642	0.006820179038
1643	0.006818654932
1644	0.006810905648
1645	0.006808438516
1646	0.006804082675
1647	0.00679917488
1648	0.006796724879
1649	0.006791166753
1650	0.006787267196
1651	0.00678278341
1652	0.006777648982
1653	0.006772444503
1654	0.006769899862
1655	0.0067641938
1656	0.006761837947
1657	0.006757697895
1658	0.006756189689
1659	0.006754387608
1660	0.006751026132
1661	0.006746478353
1662	0.006742276641
1663	0.006738970437
1664	0.006734687263
1665	0.006732696082
1666	0.00672835007
1667	0.006723538032
1668	0.006720054249
1669	0.006716673977
1670	0.00671467521
1671	0.006710513974
1672	0.006705066596
1673	0.006701602921
1674	0.006696164687
1675	0.00669322798
1676	0.006692017278
1677	0.006686348213
1678	0.006682073249
1679	0.006677091252
1680	0.006674579775
1681	0.006670762012
1682	0.006668006924
1683	0.006660534081
1684	0.00665609955
1685	0.006653898036
1686	0.006649430122
1687	0.006645905358
1688	0.006644333136
1689	0.006640154726
1690	0.006635427206
1691	0.006630866988
1692	0.00662707349
1693	0.006622737475
1694	0.006619394795
1695	0.006612464708
1696	0.006608477771
1697	0.006604271801
1698	0.00659931915
1699	0.006594321748
1700	0.006592931366
1701	0.006587358032
1702	0.00658626152
1703	0.006582650728
1704	0.006578815678
1705	0.006574388455
1706	0.006569336074
1707	0.006567587718
1708	0.006562915788
1709	0.006558932552
1710	0.006557652617
1711	0.006553262652
1712	0.006548549915
1713	0.006544430629
1714	0.00654210992
1715	0.00653837079
1716	0.006536273403
1717	0.006531174649
1718	0.006526496478
1719	0.006521705963
1720	0.006517409325
1721	0.006513748137
1722	0.006508257715
1723	0.006503541418
1724	0.006500019986
1725	0.006496913925
1726	0.006493097426
1727	0.00649111509
1728	0.006487643958
1729	0.006482923927
1730	0.006478343599
1731	0.006469964396
1732	0.006466143503
1733	0.006460977216
1734	0.006457611801
1735	0.00645416339
1736	0.006449857634
1737	0.006444689413
1738	0.006439619436
1739	0.006436610544
1740	0.006432706951
1741	0.006429568889
1742	0.006424703668
1743	0.006420633626
1744	0.00641693911
1745	0.006414355453
1746	0.00641020235
1747	0.006404125264
1748	0.006399682259
1749	0.006393995377
1750	0.006392074465
1751	0.006386338524
1752	0.006382621465
1753	0.006377739294
1754	0.006373597102
1755	0.006368579447
1756	0.006364250721
1757	0.006355583801
1758	0.006346390599
1759	0.006344737984
1760	0.006340861482
1761	0.006335529841
1762	0.006330059872
1763	0.006326141061
1764	0.006319528431
1765	0.006316640297
1766	0.006312696326
1767	0.006307608313
1768	0.006303551094
1769	0.006299795366
1770	0.00629411245
1771	0.006292557673
1772	0.006286500736
1773	0.006282284982
1774	0.006278428862
1775	0.006273458538
1776	0.006268383026
1777	0.006266141693
1778	0.006261915696
1779	0.006258318562
1780	0.006254748987
1781	0.006248918382
1782	0.006245572986
1783	0.006241324048
1784	0.006237621205
1785	0.006233910593
1786	0.006230017428
1787	0.006225546276
1788	0.006222764643
1789	0.006218560495
1790	0.006214479335
1791	0.006212822754
1792	0.006211320258
1793	0.006207401423
1794	0.006205464902
1795	0.006202949817
1796	0.006198880197
1797	0.006197238432
1798	0.006193556973
1799	0.006190266049
1800	0.006188546712
1801	0.006184461852
1802	0.006179951824
1803	0.006176100943
1804	0.006172780303
1805	0.006168895021
1806	0.006166216691
1807	0.006162656902
1808	0.0061557515
1809	0.006152658057
1810	0.006149750796
1811	0.006144473137
1812	0.006138775032
1813	0.006135088255
1814	0.006131324252
1815	0.006129603447
1816	0.006124657253
1817	0.006120747161
1818	0.006116029335
1819	0.006112603381
1820	0.006108803286
1821	0.006106167455
1822	0.006105032748
1823	0.006100778707
1824	0.006099155118
1825	0.006095628774
1826	0.006094232067
1827	0.006090720325
1828	0.00608611377
1829	0.00608153032
1830	0.006078535375
1831	0.006074319702
1832	0.006070982479
1833	0.006065672563
1834	0.006063755129
1835	0.006062130742
1836	0.006058789375
1837	0.006054833658
1838	0.006052438804
1839	0.006048524442
1840	0.006045891635
1841	0.006043244635
1842	0.006041184947
1843	0.006030464011
1844	0.006026644625
1845	0.006023064449
1846	0.006021772306
1847	0.006018480867
1848	0.006015032909
1849	0.006012022477
1850	0.006009698051
1851	0.006005858163
1852	0.006001485033
1853	0.005997486503
1854	0.005995911798
1855	0.005992204469
1856	0.005989537788
1857	0.005985381812
1858	0.005981758006
1859	0.00597786505
1860	0.00597381715
1861	0.005970345564
1862	0.005966490095
1863	0.005963328783
1864	0.005957484266
1865	0.005954758892
1866	0.005953680843
1867	0.005948759685
1868	0.00594344084
1869	0.005939889914
1870	0.00593577308
1871	0.005932490371
1872	0.005929568927
1873	0.005926313358
1874	0.005921767924
1875	0.005920159325
1876	0.005916480469
1877	0.005913272011
1878	0.005912226782
1879	0.005908885329
1880	0.005905213455
1881	0.005900788906
1882	0.005897218384
1883	0.005893506163
1884	0.005891905403
1885	0.00588921478
1886	0.005885133902
1887	0.005880282739
1888	0.005876953004
1889	0.005874404251
1890	0.0058705564
1891	0.005867076497
1892	0.005863614534
1893	0.005859414773
1894	0.005855732788
1895	0.005851594294
1896	0.005848334735
1897	0.005844031126
1898	0.005840973729
1899	0.005838204895
1900	0.005835016435
1901	0.005830236681
1902	0.005825690875
1903	0.005821334716
1904	0.005819248045
1905	0.005815880624
1906	0.005812964398
1907	0.00580978594
1908	0.005806300923
1909	0.005802072914
1910	0.0057987467
1911	0.005796505623
1912	0.005793425626
1913	0.005790628836
1914	0.005787990561
1915	0.005783374239
1916	0.005781893946
1917	0.005779835028
1918	0.005778531826
1919	0.005775805394
1920	0.005772467834
1921	0.00576937495
1922	0.00576617027
1923	0.005763147709
1924	0.00575948591
1925	0.00575632025
1926	0.005753191132
1927	0.005750924563
1928	0.005747317636
1929	0.005744343226
1930	0.00574108234
1931	0.005738186335
1932	0.005734384919
1933	0.005730313088
1934	0.005725591351
1935	0.005721630853
1936	0.005719870088
1937	0.005718402436
1938	0.005715218721
1939	0.005713731022
1940	0.005709790031
1941	0.005706109357
1942	0.005702294842
1943	0.00569921803
1944	0.005696116885
1945	0.0056911705
1946	0.005688188139
1947	0.005683789816
1948	0.005676230868
1949	0.005674894588
1950	0.005672737122
1951	0.005669559699
1952	0.005666810855
1953	0.005663020824
1954	0.005659993957
1955	0.005654859331
1956	0.005652865204
1957	0.005650200336
1958	0.005647758806
1959	0.005644741927
1960	0.005641006101
1961	0.005639316553
1962	0.005636170765
1963	0.005632260963
1964	0.005628899094
1965	0.00562600395
1966	0.005622979515
1967	0.00562056683
1968	0.005617708505
1969	0.005614457515
1970	0.00561134713
1971	0.005609629424
1972	0.00560776118
1973	0.005604977426
1974	0.005602320355
1975	0.005600750079
1976	0.005596753691
1977	0.005593941239
1978	0.005590803585
1979	0.005588355803
1980	0.005585699809
1981	0.005581281466
1982	0.005580031774
1983	0.005575565501
1984	0.005574133738
1985	0.005570458821
1986	0.005567315765
1987	0.005565982705
1988	0.005563413931
1989	0.005560614005
1990	0.005554770678
1991	0.005551332877
1992	0.00554841735
1993	0.005544891664
1994	0.005541218279
1995	0.005538644517
1996	0.005533737495
1997	0.005530786642
1998	0.005527478713
1999	0.005524324111
2000	0.005520810802
2001	0.005517569964
2002	0.005514322409
2003	0.005510615632
2004	0.005505852235
2005	0.005502693694
2006	0.00549966195
2007	0.005498374022
2008	0.00549392146
2009	0.005490334634
2010	0.005489124097
2011	0.00548530264
2012	0.005483651612
2013	0.005481094705
2014	0.005477946799
2015	0.00547614278
2016	0.005473453122
2017	0.005471304768
2018	0.00546903634
2019	0.005463114733
2020	0.005459105796
2021	0.005456736972
2022	0.005453778755
2023	0.005451239283
2024	0.005445102369
2025	0.005443988437
2026	0.005440203605
2027	0.005439525338
2028	0.00543608578
2029	0.005433381045
2030	0.005430512576
2031	0.005426841493
2032	0.005424137981
2033	0.00542068452
2034	0.005417916207
2035	0.005415347608
2036	0.005413383266
2037	0.005410137676
2038	0.005407792232
2039	0.005406672708
2040	0.005402787432
2041	0.005399052372
2042	0.005391392758
2043	0.005387637532
2044	0.005386471591
2045	0.0053837936
2046	0.005379438794
2047	0.005376720799
2048	0.005374648979
2049	0.005372999352
2050	0.005370467817
2051	0.005367694864
2052	0.005366220543
2053	0.005364608554
2054	0.005363606263
2055	0.005360023356
2056	0.005357352288
2057	0.005353017658
2058	0.005350392395
2059	0.005349624626
2060	0.005348785862
2061	0.0053448137
2062	0.005341737874
2063	0.005340084461
2064	0.005336739185
2065	0.005333316499
2066	0.005331470601
2067	0.005327744407
2068	0.00532368219
2069	0.005321179621
2070	0.005318253523
2071	0.005316064641
2072	0.005314725649
2073	0.005311249031
2074	0.00531006965
2075	0.005307843988
2076	0.005306500693
2077	0.00530516733
2078	0.005302179148
2079	0.005300301281
2080	0.005298819599
2081	0.005296112515
2082	0.005289230592
2083	0.005286843334
2084	0.005283168818
2085	0.005280739657
2086	0.005277701687
2087	0.005274847922
2088	0.00527244569
2089	0.005269256102
2090	0.005267245848
2091	0.005264727858
2092	0.005261486719
2093	0.00525810888
2094	0.00525527815
2095	0.005252917133
2096	0.005250349469
2097	0.005249018652
2098	0.005246449907
2099	0.00524388562
2100	0.005241680039
2101	0.005240707848
2102	0.005238420737
2103	0.005234678175
2104	0.005229547199
2105	0.0052272823
2106	0.005224646751
2107	0.00522208141
2108	0.005218405463
2109	0.005216111776
2110	0.005212671996
2111	0.005211185792
2112	0.005208890366
2113	0.005206795284
2114	0.005203836469
2115	0.005202520114
2116	0.005200974519
2117	0.005200048088
2118	0.005197013164
2119	0.005194547557
2120	0.005191959017
2121	0.005189871435
2122	0.005186954952
2123	0.00518560859
2124	0.005184418536
2125	0.005183539297
2126	0.005180528131
2127	0.005177903071
2128	0.005174904672
2129	0.005171327496
2130	0.005170017156
2131	0.005167471857
2132	0.005162647969
2133	0.005160090356
2134	0.005157377158
2135	0.005156061049
2136	0.005153491948
2137	0.005151443603
2138	0.005149172399
2139	0.005146940149
2140	0.005146063055
2141	0.00514003136
2142	0.005137061206
2143	0.005135768237
2144	0.005134439713
2145	0.005133153564
2146	0.005132139438
2147	0.00513129883
2148	0.005128253048
2149	0.005126296819
2150	0.005123265208
2151	0.005118892423
2152	0.005116435115
2153	0.005113494907
2154	0.005111100677
2155	0.005109865447
2156	0.005107330151
2157	0.005104981097
2158	0.005102650076
2159	0.005098609389
2160	0.005095743802
2161	0.005091970033
2162	0.005089118803
2163	0.00508665557
2164	0.00508420645
2165	0.005081294496
2166	0.005079315964
2167	0.005077724591
2168	0.005074813567
2169	0.005072092262
2170	0.005070160051
2171	0.005068781669
2172	0.005067942031
2173	0.00506533616
2174	0.005063868765
2175	0.005061378169
2176	0.005060097024
2177	0.005057046891
2178	0.005054048249
2179	0.005051381565
2180	0.005050395477
2181	0.005047689569
2182	0.005043725531
2183	0.00504136262
2184	0.005040337865
2185	0.005037416423
2186	0.00503375825
2187	0.005031108082
2188	0.005028494113
2189	0.00502613011
2190	0.005023840234
2191	0.005020805788
2192	0.005018212846
2193	0.00501636122
2194	0.005013679088
2195	0.005010586987
2196	0.005008270534
2197	0.005005035138
2198	0.00500313256
2199	0.004998949002
2200	0.004998130656
2201	0.004995282444
2202	0.00499290569
2203	0.004989745064
2204	0.004987411341
2205	0.004984418775
2206	0.004981569777
2207	0.004979348282
2208	0.004976774042
2209	0.004974204173
2210	0.004972185631
2211	0.004971076365
2212	0.004967732768
2213	0.00496502235
2214	0.004961156759
2215	0.004958730036
2216	0.004956113873
2217	0.0049516025
2218	0.00495021626
2219	0.004948795826
2220	0.004945437204
2221	0.004943300564
2222	0.004940509309
2223	0.004937573724
2224	0.004935115947
2225	0.004932330484
2226	0.00493077846
2227	0.004929397562
2228	0.004926986393
2229	0.004924787425
2230	0.004922493524
2231	0.004919151801
2232	0.004917055998
2233	0.004915540761
2234	0.004908924909
2235	0.004906007963
2236	0.004905068257
2237	0.00490201177
2238	0.004899531877
2239	0.004896844153
2240	0.004894189173
2241	0.004891326223
2242	0.004888941388
2243	0.004887518301
2244	0.004885050776
2245	0.004881206527
2246	0.004879094533
2247	0.004878360635
2248	0.004877149664
2249	0.004875633064
2250	0.00487347974
2251	0.004870940464
2252	0.004869982153
2253	0.004867564487
2254	0.004865361023
2255	0.004863207749
2256	0.004860901991
2257	0.004858703138
2258	0.004855993338
2259	0.004852415313
2260	0.004850525579
2261	0.004848905342
2262	0.004847813983
2263	0.004845295961
2264	0.004842641455
2265	0.004841843069
2266	0.004839563071
2267	0.004836821256
2268	0.004833988105
2269	0.004831583539
2270	0.004830546694
2271	0.004828389494
2272	0.004826115417
2273	0.004823948593
2274	0.004821182343
2275	0.004818819089
2276	0.004816397909
2277	0.004813935246
2278	0.004810891494
2279	0.004808027128
2280	0.004806824475
2281	0.004803629877
2282	0.004800966367
2283	0.004798988228
2284	0.004796737108
2285	0.004794164825
2286	0.004793593275
2287	0.004790905803
2288	0.004787995771
2289	0.004786073534
2290	0.004783610774
2291	0.004780714817
2292	0.004778550686
2293	0.004772000888
2294	0.004769387131
2295	0.004766294742
2296	0.004763980708
2297	0.004761853656
2298	0.004759700906
2299	0.004757418902
2300	0.004754223459
2301	0.004750980426
2302	0.004748355653
2303	0.004745725305
2304	0.004743185383
2305	0.004740823103
2306	0.004738960211
2307	0.004735719562
2308	0.004732121482
2309	0.004729365084
2310	0.004727359495
2311	0.004725033138
2312	0.004722182997
2313	0.004721348665
2314	0.004719395322
2315	0.004717451515
2316	0.004716361393
2317	0.004713419975
2318	0.004711461114
2319	0.004709394761
2320	0.004707002499
2321	0.004706071299
2322	0.004703845816
2323	0.004701305644
2324	0.004700358938
2325	0.004697727379
2326	0.004694606635
2327	0.004691378799
2328	0.004688733269
2329	0.004685205736
2330	0.004682368919
2331	0.004680559728
2332	0.00467791893
2333	0.004675343721
2334	0.004673825682
2335	0.004671324732
2336	0.004668569691
2337	0.004667431721
2338	0.004666123483
2339	0.004662590509
2340	0.004660696243
2341	0.004657528907
2342	0.004655416295
2343	0.004653239126
2344	0.004650720174
2345	0.004648429783
2346	0.00464638515
2347	0.004645641043
2348	0.00464351412
2349	0.004641394585
2350	0.004639881267
2351	0.004636466494
2352	0.004633775498
2353	0.004631060519
2354	0.004629411072
2355	0.004627507004
2356	0.0046246396
2357	0.004622928959
2358	0.004620748247
2359	0.004618598662
2360	0.004616438426
2361	0.004614779726
2362	0.00461301497
2363	0.004610676106
2364	0.004604718974
2365	0.004601315899
2366	0.004599502396
2367	0.004597705111
2368	0.004596727252
2369	0.004592594044
2370	0.00459045563
2371	0.004588388398
2372	0.004586045647
2373	0.004585117071
2374	0.004584396787
2375	0.004582242398
2376	0.004579484705
2377	0.004577633617
2378	0.004575998266
2379	0.004573881585
2380	0.004572046412
2381	0.004570219673
2382	0.004567970814
2383	0.004567089582
2384	0.004565102614
2385	0.004562962856
2386	0.004559830282
2387	0.004557266288
2388	0.004555113059
2389	0.004552276529
2390	0.004549801392
2391	0.004548080907
2392	0.004545499471
2393	0.004543188893
2394	0.004540995544
2395	0.004539080484
2396	0.004537141677
2397	0.00453617818
2398	0.004533718105
2399	0.004531148174
2400	0.004528916436
2401	0.00452562594
2402	0.004524189407
2403	0.004522209803
2404	0.004521238562
2405	0.004519391219
2406	0.004518349334
2407	0.004516282875
2408	0.004514889955
2409	0.004513317317
2410	0.004511586744
2411	0.004508209626
2412	0.00450732063
2413	0.004506158124
2414	0.004504700049
418	0.004791341232
155566
2415	0.004599226534
2416	0.004597536901
2417	0.004594675285
2418	0.004592122939
2419	0.004589612808
2420	0.004588652554
004472776712
2422	0.004470781744
	0.00456545507
2423	0.004563081107
2424	0.004562166712
2
2426	0.004623445362
2427	0.00462230153
2428	0.004620287674
2429	0.004615844202
2430	0.004613819204
89848993
2432	0.004587974465
2433	0.004586968248
2434	0.004584683269
2435	0.004582259764
2436	0.004579975419
2437	0.004578266478
2438	0.004576738737
