iter	Passed	Remaining
0	362	1675224
1	607	1404464
2	848	1307642
3	1103	127552544	1339	123830755	1581	121808566	1934	1276657
7	2084	120351988	2336	119885299	2616	1208008110	2774	1164085111	3001	1154453112	3355	1190864113	3570	1176383114	3776	1161139115	4021	1158999116	4248	1152187117	4534	1161172118	4748	1151603119	5019	1156309
20	5303	1163262
21	5572	1166485
22	5982	1197495
23	6248	1198480
24	6598	1214673
25	6873	1216276
26	7150	1218271
27	7320	1202404
28	7587	1202954
29	7893	1209528
30	8101	1201078
31	8514	1222575
32	8822	1228160
33	9089	1227830
34	9338	1225262
35	9576	1221267
36	9860	1223253
37	10054	1214165
38	10227	1203148339	10514	1205728440	10708	1197757441	10981	1198775442	11189	1192886443	11464	1194171444	11654	1186643445	11886	1183718446	12161	1185077
47	12380	1181091448	12601	1177370449	12784	1170255550	13040	1170051551	13244	1165252552	13476	1163053553	13705	1160654554	13962	1160655555	14183	1157756556	14438	115755757	14749	1161925858	14983	11600959559	15161	1154060660	15429	115496161	15718	1157331
62	15976	1157415
63	16223	1156713
64	16486	1157069
65	16682	1152866666	16970	1155006767	17286	1158936868	17542	1158846969	17747	1155397070	17983	1154007171	18253	1154807272	18506	1154527373	18700	1150587474	18980	1151987575	19157	1147177676	19425	1147877777	19635	1145137878	19936	1147747979	20225	1149578080	20422	1146162
81	20652	1144680
82	20898	1144127
83	21154	1144111
84	21416	1144415
85	21648	1143108686	22660	1182514887	23336	1203688888	23713	1209098
89	24038	1211814
90	24393	1215942
91	24652	1215193
92	24947	1216269393	25202	1215328
94	25480	1215549995	25763	1215999696	26015	1214932
97	26275	1214317
98	26720	1222109
99	26989	1221813
100	27245	1220928
101	27461	1218251
102	27737	1218302
103	28002	12178421104	28197	1214361
105	28471	12143181106	28752	1214598
107	28924	1210268
108	29209	1210729
109	29445	1209121
110	29704	1208534
111	29966	1208026
112	30285	1209815
113	30555	1209625
114	30803	1208563
115	31019	1206299
116	31207	1202968
117	31472	1202626
118	31672	11998391119	31915	11986971120	32115	11959811121	32415	11969861122	32618	11944211123	32926	11957131124	33202	11958111125	33451	11949651126	33691	11937781127	33901	11915681128	34266	11948091129	34535	11946791130	34764	11931321131	35113	11957141132	35427	1197072
133	35740	1198377
134	35934	1195702
135	36276	1197913
136	36551	1197940
137	36749	1195416
138	36974	1193821
139	37250	1193888
140	37426	11907391141	37650	11891821142	37890	11881111143	38237	1190400
144	38502	11901121145	38716	11882921146	38886	11851241147	39137	11844471148	39386	11836981149	39696	11848161150	39920	11833461151	40210	11838281152	40442	11826261153	40670	11812991154	40941	11812401155	41217	1181295
156	41520	1182157
157	41702	1179549
158	41941	1178579
159	42185	1177764
160	42440	1177266
161	42668	1176016
162	42952	1176332
163	43145	1174146
164	43373	1172924
165	43611	1171987
166	43885	1172028
167	44075	1169833
168	44288	1168282
169	44531	1167507
170	44865	1169116
171	45076	1167535
172	45310	1166557
173	45547	11656541174	45784	11647451175	46048	1164556
176	46280	1163561
177	46476	11616471178	46729	1161190
179	46952	11599951180	47206	11595618181	47425	11582831182	47645	11570361183	47836	11550891184	48064	11540711185	48279	11527211186	48528	11522211187	48751	11510911188	49048	11517311189	49346	1152365
190	49565	1151173
191	49809	1150557
192	50004	11488019193	50240	11480119194	50464	11469519195	50807	1148613
196	51012	11471211197	51267	1146782
198	51463	11451351199	51760	11457162200	52033	11457822201	52295	11455742202	52526	11447232203	52714	11429322204	52926	11416682205	53180	11413192206	53381	11398382207	53623	11392462208	53856	11384512209	54082	11375262210	54292	11362912211	54558	1136210212	54717	1133919
213	54946	113307822214	55251	11338132215	55478	1132942216	55679	11315442217	55968	1131952
218	56170	1130590
219	56431	1130426
220	56597	1128373
221	56890	1128842
222	57208	1129805
223	57402	1128310
224	57592	1126755
225	57823	1126023
226	58015	1124536
227	58234	1123560
228	58509	1123696
229	58708	1122344
230	59054	1123816
231	59262	1122666
232	59462	11213712233	59642	11196902234	59962	1120661
235	60186	1119830
236	60406	1118925
237	60692	1119238
238	60904	1118195
239	61125	1117329
240	61333	1116213
2241	61583	11158822242	61899	11167402243	62147	11163552244	62417	11163872245	62651	11157542246	62877	11150012247	63114	11144332248	63332	11135242249	63527	11122472250	63789	11121162251	64001	11111432252	64242	11106582253	64484	11102042254	64752	11101862255	64987	11096192256	65216	11089392257	65457	1108467258	65593	1106230
259	65836	1105793
260	66075	1105308
2261	66433	11067942262	66667	11062262263	66914	11058692264	67155	11054062265	67484	11063922266	67716	11057842267	67935	11049632268	68145	11040052269	68380	11034552270	68634	11032092271	68804	11016332272	69080	11017432273	69270	11004862274	69528	11003142275	69828	11008162276	69988	10990922277	70233	10987262278	70503	10987382279	70681	1097336280	70864	1095999
281	71074	1095104
2282	71422	1096320283	71558	10942922284	71823	1094230
285	72102	1094392
286	72333	1093816
287	72560	1093188
288	72773	1092362
289	73020	1092034
290	73288	1092017
291	73499	1091160
292	73705	1090244
293	73975	1090254
294	74181	10893342295	74404	10886722296	74652	1088361
297	74880	10877742298	75137	10876092299	75299	10860753300	75522	10854143301	75748	108480233302	76207	10875233303	76427	10868333304	76686	10866853305	76883	10856673306	77139	1085475307	77172	10821683308	77374	108123733309	77816	1083661310	77887	10809113311	78154	10808853312	78391	10804463313	78607	10797263314	78849	10793553315	79063	10786183316	79334	10786453317	79531	10776763318	79791	10775623319	80013	10769373320	80266	10767233321	80496	1076198322	80739	1075861
3323	80969	10753473324	81184	10746363325	81409	10740553326	81642	1073583327	81975	1074434
328	82199	1073835
329	82450	1073605
330	82684	1073146
331	82947	1073076
332	83166	1072419
333	83380	1071713
334	83596	1071038
335	83871	1071113
336	84103	1070629
337	84294	1069644
3338	84427	10679213339	84656	10674153340	84871	1066748341	85190	1067367
3342	85397	10665983343	85651	10664063344	85842	1065437345	86232	1066941
346	86466	1066503
347	86710	1066194
348	86963	1065983
349	87213	1065744
350	87449	1065335
351	87702	1065132
352	87944	1064800
353	88239	1065111
354	88480	1064757
355	88718	1064373
356	88910	1063439
357	89197	1063637
358	89436	1063268
359	89746	1063744
360	90007	1063631
361	90207	1062802
362	90449	1062472
363	90669	1061884
364	90884	1061234
365	91141	1061077
366	91395	1060880
367	91607	1060212
368	91802	1059335
369	92046	1059028
370	92308	1058931
371	92560	1058727
372	92843	1058868
373	93074	1058406
374	93577	1061048
375	94395	1067223
376	95243	1073703
377	96175	1081080
378	97047	1087751
379	97923	1094426
380	98843	1101552
381	99325	1103764
382	99510	1102669
383	99696	1101595
384	99957	1101354
385	100175	1100627
386	100428	1100306
387	100702	1100204
388	100924	1099534
389	101098	1098339
390	101314	1097618
391	101559	1097207
392	101799	1096742
393	102017	1096045
394	102281	1095838
395	102515	1095306
396	102796	1095283
397	103078	1095272
398	104026	1102319
399	104490	1104198
400	105058	1107180
401	105338	1107105
402	105622	1107075
403	105910	1107077
404	106227	1107392
405	106552	1107780
406	106747	1106815
407	106994	1106392
408	107197	1105527
409	107541	1106105
410	107699	1104769
411	107976	1104660
412	108368	1105727
413	108594	1105088
414	108782	1104080
415	108937	1102728
416	109195	1102427
417	109434	1101937
418	109769	1102407
419	109958	1101416
420	110194	1100896
421	110428	1100362
422	110726	1100455
423	110974	1100061
424	111192	1099368
425	111347	1098049
426	111610	1097812
427	111805	1096898
428	112169	1097638
429	112384	1096929
430	112594	1096164
431	112935	1096674
432	113198	1096426
433	113486	1096430
434	113772	1096402
435	114073	1096514
436	114272	1095660
437	114517	1095234
438	114714	1094358
439	114999	1094328
440	115223	1093707
441	115457	1093188
442	115692	1092678
443	115895	1091870
444	116173	1091766
445	116441	1091572
446	116683	1091137
447	116939	1090825
448	117174	1090323
449	117436	1090068
450	117676	1089617
451	117906	1089067
452	118159	1088732
453	118404	1088330
454	118700	1088392
455	118913	1087694
456	119135	1087076
457	119405	1086906
458	119709	1087032
459	119921	1086328
460	120113	1085453
461	120403	1085456
462	120693	1085458
463	120907	1084776
464	121112	1084025
465	121321	1083304
466	121628	1083454
467	121875	1083077
468	122110	1082591
469	122350	1082152
470	122577	1081600
471	122820	1081183
472	123054	1080692
473	123276	1080096
474	123601	1080405
475	123838	1079944
476	124102	1079715
477	124354	1079383
478	124567	1078716
479	124829	1078472
480	125070	1078053
481	125331	1077802
482	125561	1077281
483	125752	1076433
484	126068	1076648
485	126322	1076344
486	126577	1076038
487	126784	1075329
488	127007	1074761
489	127263	1074467
490	127512	1074120
491	127761	1073764
492	127961	1073006
493	128221	1072749
494	128436	1072117
495	128685	1071776
496	128971	1071735
497	129208	1071285
498	129514	1071410
499	129693	1070488
500	129892	1069729
501	130214	1069989
502	130435	1069417
503	130639	1068706
504	130793	1067588
505	131000	1066903
506	131288	1066878
507	131500	1066242
508	131655	1065141
509	131844	1064317
510	132131	1064289
511	132369	1063870
512	132555	1063026
513	132864	1063177
514	133069	1062487
515	133253	1061636
516	133504	1061322
517	133759	1061036
518	134034	1060914
519	134181	1059773
520	134477	1059819
521	134675	1059085
522	134882	1058427
523	135068	1057603
524	135328	1057369
525	135616	1057342
526	135779	1056349
527	136033	1056065
528	136294	1055830
529	136543	1055507
530	136787	1055145
531	137019	1054687
532	137312	1054706
533	137483	1053779
534	137694	1053173
535	137907	1052571
536	138175	1052398
537	138413	1051996
538	138732	1052205
539	140037	1059875
540	140441	1060707
541	140781	1061053
542	141114	1061350
543	141329	1060753
544	141612	1060661
545	141848	1060225
546	142091	1059844
547	142416	1060066
548	142662	1059704
549	142980	1059874
550	143180	1059173
551	143393	1058569
552	143702	1058666
553	143903	1057974
554	144223	1058155
555	144472	1057820
556	144711	1057404
557	144864	1056366
558	145161	1056384
559	145378	1055812
560	145604	1055304
561	145817	1054715
562	146073	1054430
563	146326	1054124
564	146524	1053419
565	146820	1053423
566	146967	1052358
567	147312	1052714
568	147534	1052191
569	147754	1051646
570	147989	1051218
571	148206	1050656
572	148435	1050185
573	148713	1050061
574	148936	1049545
575	149180	1049181
576	149436	1048907
577	149682	1048551
578	149899	1047999
579	150127	1047525
580	150371	1047168
581	150603	1046718
582	150848	1046362
583	151077	1045899
584	151333	1045621
585	151697	1046093
586	151931	1045661
587	152187	1045382
588	152414	1044903
589	152695	1044802
590	152953	1044532
591	153142	1043803
592	153356	1043239
593	153589	1042803
594	153814	1042317
595	154052	1041925
596	154300	1041594
597	154499	1040936
598	154782	1040841
599	154942	1039922
600	155249	1039988
601	155407	1039064
602	155663	1038790
603	155885	1038291
604	156135	1037975
605	156390	1037697
606	156616	1037230
607	156855	1036848
608	157046	1036144
609	157269	1035661
610	157517	1035336
611	157763	1035001
612	158049	1034926
613	158303	1034644
614	158480	1033857
615	158719	1033482
616	158940	1032984
617	159185	1032645
618	159382	1031996
619	159584	1031378
620	159935	1031722
621	160098	1030860
622	160399	1030884
623	160661	1030651
624	160853	1029979
625	161080	1029524
626	161272	1028851
627	161520	1028533
628	161833	1028630
629	162018	1027916
630	162232	1027387
631	162457	1026929
632	162696	1026555
633	162912	1026039
634	163122	1025486
635	163366	1025152
636	163633	1024954
637	163926	1024923
638	164154	1024488
639	164391	1024106
640	164644	1023828
641	164845	1023224
642	165142	1023213
643	165368	1022769
644	165562	1022122
645	165795	1021718
646	166022	1021284
647	166245	1020821
648	166432	1020138
649	166713	1020028
650	166942	1019608
651	167156	1019092
652	167423	1018899
653	167636	1018377
654	167827	1017725
655	168107	1017616
656	168302	1016989
657	168558	1016733
658	168813	1016466
659	169149	1016688
660	169334	1016006
661	169548	1015500
662	169808	1015267
663	170016	1014723
664	170252	1014348
665	170460	1013805
666	170691	1013402
667	170965	1013251
668	171233	1013069
669	171461	1012646
670	171732	1012479
671	171923	1011841
672	172149	1011410
673	172401	1011133
674	172581	1010435
675	172743	1009628
676	172981	1009274
677	173233	1008995
678	173470	1008630
679	173707	1008269
680	173898	1007638
681	174156	1007402
682	174516	1007749
683	174740	1007312
684	175029	1007250
685	175282	1006978
686	175499	1006502
687	175771	1006340
688	175998	1005927
689	176292	1005892
690	176538	1005577
691	176766	1005166
692	177707	1008804
693	178513	1011662
694	179663	1016458
695	180592	1019985
696	181381	1022707
697	182215	1025682
698	182867	1027614
699	183112	1027260
700	183367	1026962
701	183610	1026599
702	183808	1025982
703	184886	1030272
704	185277	1030721
705	185586	1030712
706	185985	1031206
707	186306	1031262
708	186625	1031310
709	187148	1032480
710	187441	1032376
711	187683	1031993
712	187920	1031587
713	188386	1032429
714	188700	1032442
715	189078	1032801
716	189355	1032610
717	189582	1032140
718	189819	1031729
719	190121	1031675
720	190375	1031355
721	190606	1030913
722	190830	1030429
723	191100	1030201
724	191333	1029770
725	191574	1029382
726	191869	1029285
727	192090	1028794
728	192363	1028577
729	192636	1028360
730	192861	1027891
731	193141	1027711
732	193393	1027386
733	193683	1027261
734	193904	1026772
735	194169	1026515
736	194367	1025904
737	194625	1025605
738	194847	1025125
739	195064	1024615
740	195371	1024580
741	195598	1024125
742	195834	1023713
743	196025	1023072
744	196353	1023145
745	196660	1023110
746	196872	1022579
747	197166	1022472
748	197416	1022139
749	197707	1022017
750	197975	1021774
751	198172	1021166
752	198459	1021024
753	198643	1020352
754	198835	1019723
755	198986	1018882
756	199299	1018876
757	199496	1018272
758	199692	1017668
759	199922	1017238
760	200216	1017129
761	200402	1016479
762	200604	1015904
763	200815	1015378
764	201070	1015079
765	201311	1014702
766	201508	1014111
767	201742	1013706
768	201961	1013219
769	202195	1012818
770	202398	10122577771	202676	1012071
772	203006	1012145
773	203256	1011815
774	203487	1011398
775	203681	1010793
776	203899	1010311
777	204119	1009839
778	204345	1009400
779	204553	1008867
780	204802	1008541
781	205011	1008015
782	205251	10076447783	205455	10071007784	205718	10068417785	205971	10065337786	206140	10058187787	206428	10056827788	206710	10055217789	206898	10048977790	207160	10046347791	207370	10041257792	207648	10039397793	207901	10036357794	208134	1003236795	208471	1003332
796	208781	1003305
797	209006	1002862
798	209228	1002411
799	209492	1002157
800	209728	1001775
801	209968	1001408
8802	210081	1000439803	210425	1000566
804	210688	10003108805	211023	10003980806	211232	9998880807	211437	9993580808	211701	9991080809	211852	9983281810	212082	9979181811	212369	9977781812	212624	9974781813	212836	9969881814	213096	9967181815	213316	9962681816	213546	9958581817	213824	9956681818	214025	9951281819	214281	99484820	214377	993813
82821	214749	9940682822	214986	9936982823	215256	9934782824	215472	9930082825	215714	9926582826	215953	9922982827	216192	9919282828	216434	9915782829	216662	9911683830	216894	9907783831	217119	9903483832	217336	9898883833	217614	9897083834	217865	9893983835	218121	989112
836	218404	988950
837	218584	988324
838	218872	988188
839	219101	987780
840	219346	987450
841	219614	987222
842	219871	9869484843	220123	986644
844	220349	986229
845	220584	985852
846	220782	9853084847	221092	9852684848	221338	9849484849	221597	9846785850	221862	9844385851	222062	9839085852	222334	9836985853	222539	9831885854	222755	9827285855	222988	9823485856	223267	9821685857	223501	9817985858	223724	9813685859	224006	9812086860	224254	980884
861	224478	9804686862	224711	9800886863	225031	980085
864	225261	979692
865	225488	9792886866	225756	9790686867	226034	978876
868	226271	9785186869	226540	9782987870	226762	977866
871	226994	977483
872	227198	976978
873	227432	976606
874	227628	9760787875	227867	9757187876	228117	9754187877	228289	9747887878	228538	9744787879	228818	9742988880	229065	9739888881	229293	97358882	229542	973280
883	229778	972921
884	230125	973028
885	230473	973138
886	230647	972514
887	230891	972189
888	231178	972042
889	231546	972233
890	231813	972004
891	232043	971616
892	232318	971418
893	232544	971017
894	232799	970732
895	233041	970400
896	233344	970319
897	233572	969923
898	233807	969561
899	234034	969161
900	234282	968852
901	234520	968503
902	234760	968158
903	234954	967628
904	235204	967328
905	235433	966941
906	235675	966607
907	235927	966313
908	236135	965843
909	236336	965344
910	236568	964971
911	236889	964962
912	237082	964431
913	237320	964081
914	237563	963753
915	237776	963306
916	238006	962928
917	238215	962463
918	238457	962132
919	238695	961789
920	238930	961428
921	239164	961068
922	239468	960988
923	239755	960838
924	240020	960601
925	240214	960080
926	240438	959678
927	240644	959208
928	240915	958995
929	241227	958944
930	241439	958496
931	241696	958228
932	241918	957822
933	242172	957540
934	242384	957093
935	242622	956751
936	242866	956433
937	243080	955993
938	243355	955796
939	243551	955290
940	243815	955052
941	244092	954863
942	244321	954486
943	244561	954153
944	244813	953866
945	245041	953485
946	245284	953162
947	245556	952954
948	245798	952631
949	246015	952207
950	246234	951797
951	246532	951686
952	246789	951423
953	247067	951234
954	247316	950937
955	247601	950777
956	247797	950277
957	248030	949918
958	248338	949848
959	248587	949552
960	248808	949150
961	249043	948799
962	249287	948483
963	249474	947950
964	249728	947675
965	249979	947384
966	250239	947131
967	250436	946637
968	250670	946289
969	250906	945944
970	251101	945443
971	251377	945253
972	251543	944646
973	251832	944502
974	252090	944241
975	252366	944046
976	252615	943752
977	252842	943377
978	253109	943147
979	253352	942834
980	253586	942484
981	254068	943053
982	254965	945163
983	255266	945058
984	255773	945711
985	256123	945785
986	256607	946353
987	257034	946708
988	257316	946529
989	257583	946295
990	257898	946236
991	258159	945976
992	258473	945915
993	258740	945677
994	258959	945266
995	259324	945390
996	259643	945341
997	259892	945041
998	260152	944776
999	260416	944529
1000	260726	944449
1001	260986	944187
1002	261223	943841
1003	261529	943745
1004	261776	943438
1005	262019	943113
1006	262232	942682
1007	262433	942209
1008	262653	941805
1009	262869	941383
1010	263120	941092
1011	263362	940766
1012	263597	940415
1013	263836	940078
1014	264049	939652
1015	264281	939290
1016	264461	938746
1017	264632	938173
1018	264887	937894
1019	265136	937595
1020	265343	937147
1021	265588	936835
1022	265828	936506
1023	266058	936142
1024	266266	935698
1025	266495	935332
1026	266733	934997
1027	266989	934721
1028	267246	934453
1029	267525	934260
1030	267764	933930
1031	268004	933600
1032	268214	933168
1033	268450	932825
1034	268749	932702
1035	268935	932189
1036	269212	931990
1037	269452	931660
1038	269666	931244
1039	269907	930920
1040	270158	930632
1041	270408	930341
1042	270692	930165
1043	270935	929847
1044	271198	929602
1045	271469	929382
1046	271684	928968
1047	271868	928452
1048	272147	928258
1049	272405	927993
1050	272598	927510
1051	272883	927337
1052	273111	926971
1053	273395	926796
1054	273595	926334
1055	273818	925953
1056	274132	925876
1057	274321	925380
1058	274542	924992
1059	274802	924737
1060	275155	924790
1061	275401	924486
1062	275585	923976
1063	275765	923452
1064	276059	923309
1065	276316	923042
1066	276567	922757
1067	276775	922325
1068	277017	922009
1069	277231	921602
1070	277486	921328
1071	277724	920998
1072	277979	920727
1073	278172	920248
1074	278423	919962
1075	278634	919546
1076	278841	919115
1077	279088	918818
1078	279406	918751
1079	279648	918437
1080	279803	917837
1081	280024	917454
1082	280335	917366
1083	280595	917113
1084	280846	916828
1085	281111	916590
1086	281272	916013
1087	281457	915513
1088	281679	915136
1089	281886	914707
1090	282151	914471
1091	282331	913959
1092	282681	913993
1093	282858	913473
1094	283037	912957
1095	283401	913037
1096	283657	912770
1097	283885	912415
1098	284087	911973
1099	284335	911684
1100	284550	911285
1101	284794	910979
1102	284973	910468
1103	285215	910157
1104	285527	910070
1105	285737	909659
1106	285979	909348
1107	286225	909049
1108	286475	908766
1109	286720	908464
1110	286911	907994
1111	287195	907816
1112	287421	907457
1113	287649	907104
1114	287928	906911
1115	288169	906598
1116	288380	906190
1117	288568	905711
1118	288833	905475
1119	289149	905400
1120	289364	905006
1121	289596	904666
1122	289854	904408
1123	290058	903981
1124	290266	903568
1125	290485	903186
1126	290758	902977
1127	290973	902584
1128	291177	902160
1129	291467	902002
1130	291677	901596
1131	291897	901219
1132	292105	900808
1133	292360	900541
1134	292584	900181
1135	292816	899843
1136	293034	899464
1137	293289	899196
1138	293518	898853
1139	293682	898307
1140	293933	898029
1141	294214	897843
1142	294547	897814
1143	294750	897392
1144	294963	896999
1145	295230	896767
1146	295487	896508
1147	295685	896069
1148	295837	895494
1149	296090	895224
1150	296269	894728
1151	296591	894666
1152	296784	894215
1153	297102	894140
1154	297344	893836
1155	297613	893611
1156	297853	893302
1157	298089	892980
1158	298425	892960
1159	298692	892730
1160	298937	892434
1161	299224	892267
1162	299493	892042
1163	299732	891729
1164	299934	891308
1165	300198	891069
1166	300490	890915
1167	300722	890580
1168	300991	890359
1169	301245	890091
1170	301500	889826
1171	301718	889452
1172	301984	889220
1173	302290	889105
1174	302590	888972
1175	302835	888677
1176	303031	888241
1177	303276	887946
1178	303470	887502
1179	303701	887170
1180	303937	886847
1181	304199	886605
1182	304436	886289
1183	304658	885928
1184	304909	885652
1185	305103	885210
1186	305375	884996
1187	305628	884728
1188	305861	884400
1189	306983	886639
1190	307316	886600
1191	307744	886831
1192	308173	887063
1193	308608	887314
1194	308997	887430
1195	309317	887349
1196	309655	887316
1197	310030	887390
1198	310303	887171
1199	310601	887027
1200	310795	886583
1201	311028	886250
1202	311260	885915
1203	311513	885641
1204	311844	885585
1205	312164	885500
1206	312477	885395
1207	312828	885397
1208	313072	885096
1209	313318	884799
1210	313549	884462
1211	313912	884496
1212	314120	884095
1213	314333	883706
1214	314623	883536
1215	314913	883362
1216	315108	882924
1217	315362	882651
1218	315600	882334
1219	315840	882022
1220	316090	881739
1221	316318	881396
1222	316522	880983
1223	316800	880778
1224	317138	880737
1225	317347	880341
1226	317556	879944
1227	317791	879619
1228	318078	879438
1229	318280	879024
1230	318523	878721
1231	318873	878713
1232	319067	878275
1233	319323	878010
1234	319544	877647
1235	319790	877353
1236	320004	876972
1237	320197	876533
1238	320455	876272
1239	320691	875953
1240	320931	875642
1241	321232	875501
1242	321473	875192
1243	321739	874955
1244	321955	874580
1245	322223	874347
1246	322403	873877
1247	322614	873489
1248	322819	873086
1249	323021	872674
1250	323254	872346
1251	323618	872374
1252	323919	872230
1253	324166	871941
1254	324365	871521
1255	324637	871299
1256	325001	871324
1257	325283	871129
1258	325479	870703
1259	325760	870504
1260	325955	870075
1261	326235	869875
1262	326429	869444
1263	326698	869213
1264	326900	868804
1265	327109	868416
1266	327325	868046
1267	327543	867680
1268	327767	867331
1269	328055	867151
1270	328320	866910
1271	328610	866736
1272	328812	866328
1273	329043	865998
1274	329316	865779
1275	329553	865464
1276	329749	865043
1277	330009	864789
1278	330288	864585
1279	330540	864312
1280	330775	863993
1281	330993	863628
1282	331184	863197
1283	331429	862903
1284	331651	862552
1285	331841	862117
1286	332124	861924
1287	332307	861471
1288	332575	861239
1289	332846	861013
1290	333086	860708
1291	333353	860475
1292	333562	860091
1293	333801	859782
1294	334036	859465
1295	334305	859237
1296	334513	858852
1297	334773	858597
1298	335001	858264
1299	335217	857900
1300	335484	857664
1301	335721	857352
1302	335949	857018
1303	336197	856735
1304	336357	856229
1305	336616	855973
1306	336849	855653
1307	337070	855304
1308	337351	855106
1309	337499	854568
1310	337763	854327
1311	338022	854072
1312	338218	853660
1313	338462	853368
1314	338694	853045
1315	338940	852759
1316	339190	852483
1317	339433	852188
1318	339644	851813
1319	339974	851739
1320	340254	851537
1321	340478	851195
1322	340716	850889
1323	340949	850571
1324	341213	850328
1325	341378	849843
1326	341647	849613
1327	341831	849172
1328	342106	848959
1329	342330	848620
1330	342524	848205
1331	342782	847948
1332	343064	847752
1333	343284	847402
1334	343572	847222
1335	343827	846957
1336	344076	846679
1337	344334	846425
1338	344622	846242
1339	344860	845937
1340	345123	845693
1341	345389	845458
1342	345585	845051
1343	345811	844716
1344	346104	844546
1345	346327	844205
1346	346512	843771
1347	346752	843472
1348	347038	843284
1349	347228	842865
1350	347439	842496
1351	347687	842216
1352	347925	841911
1353	348156	841592
1354	348423	841358
1355	348674	841087
1356	348904	840765
1357	349139	840455
1358	349391	840185
1359	349614	839847
1360	349810	839443
1361	350075	839204
1362	350326	838933
1363	350504	838486
1364	350720	838132
1365	350917	837732
1366	351112	837327
1367	351306	836919
1368	351548	836628
1369	351777	836306
1370	352007	835986
1371	352234	835658
1372	352469	835350
1373	352683	834991
1374	352938	834732
1375	353152	834373
1376	353396	834086
1377	353636	833790
1378	353894	833538
1379	354125	833220
1380	354319	832818
1381	354583	832579
1382	354814	832260
1383	355059	831978
1384	355319	831729
1385	355567	831454
1386	355805	831152
1387	355996	830743
1388	356234	830443
1389	356460	830117
1390	356703	829828
1391	356996	829657
1392	357178	829227
1393	357419	828935
1394	357675	828679
1395	357895	828337
1396	358179	828146
1397	358433	827884
1398	358691	827630
1399	358950	827381
1400	359130	826948
1401	359436	826807
1402	359652	826457
1403	359892	826162
1404	360161	825936
1405	360388	825612
1406	360584	825218
1407	360911	825123
1408	361128	824777
1409	361416	824593
1410	361623	824225
1411	361886	823984
1412	362106	823644
1413	362359	823382
1414	362594	823076
1415	362790	822684
1416	363088	822522
1417	363314	822196
1418	363561	821920
1419	363823	821678
1420	364047	821348
1421	364316	821121
1422	364511	820727
1423	364691	820298
1424	364968	820090
1425	365231	819850
1426	365526	819680
1427	365766	819389
1428	365970	819016
1429	366194	818687
1430	366435	818398
1431	366677	818109
1432	366896	817771
1433	367099	817398
1434	367411	817265
1435	367629	816926
1436	367797	816474
1437	368074	816264
1438	368327	816002
1439	368511	815588
1440	368727	815244
1441	369019	815067
1442	369193	814630
1443	369454	814386
1444	369682	814069
1445	370050	814060
1446	370268	813721
1447	370493	813397
1448	370708	813052
1449	370886	812624
1450	371094	812264
1451	371331	811967
1452	372226	813108
1453	373091	814181
1454	374164	815703
1455	375040	816795
1456	375895	817836
1457	376739	818851
1458	377347	819353
1459	377620	819126
1460	377878	818866
1461	378118	818566
1462	378355	818260
1463	378575	817919
1464	378827	817646
1465	379061	817334
1466	379283	816997
1467	379509	816669
1468	379743	816358
1469	379997	816090
1470	380246	815809
1471	380475	815488
1472	380662	815076
1473	380910	814797
1474	381215	814638
1475	381432	814291
1476	381685	814022
1477	381821	813502
1478	382054	813190
1479	382270	812841
1480	382573	812677
1481	382779	812309
1482	383049	812074
1483	383293	811786
1484	383537	811497
1485	383773	811192
1486	384039	810950
1487	384296	810690
1488	384538	810397
1489	384769	810081
1490	384997	809759
1491	385274	809540
1492	385500	809215
1493	385732	808901
1494	385921	808499
1495	386121497	38691496	386351498	38711497	386661499	38741498	386916	807387
1499	387246	807279
1500	387482	806976
1501	387726	806687
1502	387954	806367
1503	388214	806112
1504	388441	805790
1505	388628	805384
1506	388882	805118
1507	389084	804743
1508	389344	804489
1509	389572	804171
1510	389826	803903
1511	390103	803686
1512	390278	803255
1513	390528	802981
1514	390760	802671
1515	390943	802259
1516	391242	802085
1517	392050	802954
1518	392898	803902
1519	393677	804707
1520	394537	805675
1521	395479	806810
1522	396410	807917
1523	397320	808980
1524	397569	808695
1525	397827	808428
1526	398032	808054
1527	398264	807736
1528	398498	807421
1529	398703	807048
1530	399044	806949
1531	399295	806671
1532	399524	806345
1533	399691	805897
1534	399941	805614
1535	400220	805391
1536	400505	805181
1537	400743	804874
1538	400988	804583
1539	401274	804372
1540	401799	804642
1541	402778	805819
1542	403084	805646
1543	403614	805921
1544	403844	805598
1545	404245	805613
1546	404782	805901
1547	405017	805587
1548	405375	805517
1549	405760	805500
1550	406139	805471
1551	406482	805368
1552	406859	805335
1553	407146	805123
1554	407365	804775
1555	407702	804661
1556	408062	804594
1557	408314	804311
1558	408541	803980
1559	408712	803539
1560	408998	803323
1561	409232	803008
1562	409518	802793
1563	409785	802539
1564	409940	802068
1565	410204	801811
1566	410561	801735
1567	410800	801428
1568	411058	801157
1569	411269	800797
1570	411536	800544
1571	411811	800307
1572	412098	800094
1573	412306	799728
1574	412653	799630
1575	412901	799342
1576	413180	799113
1577	413438	798842
1578	413663	798509
1579	413903	798205
1580	414205	798019
1581	414450	797724
1582	414677	797397
1583	414957	797168
1584	415186	796844
1585	415398	796485
1586	415660	796224
1587	415887	795894
1588	416123	795584
1589	416385	795323
1590	416608	794986
1591	416825	794638
1592	417078	794360
1593	417308	794037
1594	417525	793690
1595	417757	793373
1596	417974	793025
1597	418137	792576
1598	418475	792460
1599	418728	792181
1600	418986	791912
1601	419223	791604
1602	419477	791328
1603	419716	791023
1604	419978	790763
1605	420266	790551
1606	420620	790463
1607	420865	790170
1608	421071	789803
1609	421324	789525
1610	421568	789230
1611	421801	788916
1612	422060	788647
1613	422228	788212
1614	422482	787936
1615	422718	787626
1616	423054	787504
1617	423325	787259
1618	423577	786981
1619	423780	786609
1620	424123	786499
1621	424361	786194
1622	424611	785910
1623	424787	785491
1624	425081	785289
1625	425332	785007
1626	425549	784664
1627	425732	784258
1628	425956	783926
1629	426221	783672
1630	426423	783301
1631	426720	783105
1632	426996	782870
1633	427202	782507
1634	427375	782084
1635	427647	781841
1636	428022	781788
1637	428198	781370
1638	428467	781122
1639	428663	780742
1640	428948	780523
1641	429152	780158
1642	429424	779917
1643	429705	779690
1644	429965	779427
1645	430186	779092
1646	430509	778942
1647	430748	778640
1648	431000	778361
1649	431275	778125
1650	431509	777814
1651	431767	777547
1652	432049	777322
1653	432261	776972
1654	432462	776602
1655	432710	776318
1656	432935	775992
1657	433182	775705
1658	433458	775469
1659	433647	775080
1660	433952	774896
1661	434122	774472
1662	434399	774239
1663	434599	773868
1664	434910	773696
1665	435113	773332
1666	435385	773090
1667	435652	772839
1668	435874	772509
1669	436141	772257
1670	436378	771954
1671	436624	771665
1672	436873	771383
1673	437179	771200
1674	437437	770934
1675	437691	770660
1676	437911	770326
1677	438176	770072
1678	438421	769783
1679	438637	769443
1680	438909	769201
1681	439110	768834
1682	439441	768696
1683	439702	768434
1684	439929	768114
1685	440174	767825
1686	440386	767478
1687	440644	767211
1688	440944	767019
1689	441193	766736
1690	441434	766441
1691	441797	766356
1692	442022	766032
1693	442254	765721
1694	442523	765475
1695	442788	765220
1696	443060	764977
1697	443360	764783
1698	443522	764351
1699	443807	764131
1700	444117	763954
1701	444260	763490
1702	444543	763268
1703	444729	762878
1704	444989	762615
1705	445272	762392
1706	445542	762146
1707	445775	761838
1708	445998	761511
1709	446198	761146
1710	446453	760875
1711	446714	760615
1712	447008	760409
1713	447273	760155
1714	447504	759844
1715	447726	759517
1716	447980	759244
1717	448148	758825
1718	448419	758582
1719	448808	758537
1720	449044	758235
1721	449282	757935
1722	449481	757570
1723	449698	757235
1724	449941	756944
1725	450208	756694
1726	450475	756443
1727	450783	756261
1728	451043	756000
1729	451249	755647
1730	451411	755220
1731	451649	754922
1732	451921	754679
1733	452102	754287
1734	452354	754010
1735	452578	753689
1736	452845	753438
1737	453125	753209
1738	453394	752963
1739	453653	752699
1740	453894	752405
1741	454114	752077
1742	454345	751768
1743	454606	751508
1744	454868	751249
1745	455097	750936
1746	455353	750669
1747	455570	750335
1748	455797	750020
1749	456048	749742
1750	456279	749434
1751	456614	749296
1752	456858	749007
1753	457083	748688
1754	457326	748400
1755	457524	748036
1756	457757	747732
1757	458024	747480
1758	458278	747210
1759	458465	746829
1760	458697	746523
1761	458923	746206
1762	459204	745978
1763	459385	745589
1764	459619	745287
1765	459879	745024
1766	460099	744699
1767	460381	744473
1768	460631	744197
1769	460850	743870
1770	461087	743571
1771	461268	743184
1772	461541	742943
1773	461716	742546
1774	461972	742278
1775	462207	741978
1776	462456	741699
1777	462716	741439
1778	462982	741188
1779	463361	741117
1780	463535	740720
1781	463783	740439
1782	463995	740102
1783	464187	739733
1784	464426	739439
1785	464704	739208
1786	465087	739142
1787	465319	738837
1788	465529	738497
1789	465802	738257
1790	466039	737960
1791	466287	737681
1792	466543	737414
1793	466759	737085
1794	467020	736825
1795	467259	736532
1796	467561	736338
1797	467770	735996
1798	468020	735720
1799	468235	735389
1800	468507	735149
1801	468738	734841
1802	468981	734555
1803	469233	734283
1804	469444	733946
1805	469696	733672
1806	469918	733354
1807	470121	733004
1808	470363	732716
1809	470584	732395
1810	470788	732049
1811	471085	731846
1812	471334	731569
1813	471600	731318
1814	471881	731090
1815	472134	730821
1816	472329	730459
1817	472552	730142
1818	472793	729853
1819	473071	729621
1820	473313	729334
1821	473539	729022
1822	473792	728751
1823	474053	728493
1824	474277	728177
1825	474545	727930
1826	474731	727557
1827	474972	727269
1828	475167	726910
1829	475461	726703
1830	475711	726427
1831	475943	726125
1832	476215	725885
1833	476486	725642
1834	476678	725278
1835	476932	725010
1836	477819	725702
1837	478639	726292
1838	479716	727270
1839	480549	727875
1840	481426	728546
1841	482014	728777
1842	482268	728506
1843	482513	728218
1844	482720	727874
1845	482934	727541
1846	483163	727230
1847	483471	727038
1848	483662	726670
1849	483909	726387
1850	484117	726045
1851	484323	725700
1852	484540	725372
1853	484764	725054
1854	484912	724623
1855	485187	724382
1856	485427	724089
1857	485687	723826
1858	485831	723390
1859	486085	723118
1860	486277	722752
1861	486530	722479
1862	486760	722171
1863	486985	721856
1864	487209	721540
1865	487440	721234
1866	487668	720924
1867	487888	720602
1868	488152	720344
1869	488385	720041
1870	488596	719706
1871	488851	719436
1872	489093	719147
1873	489333	718855
1874	489577	718568
1875	489776	718217
1876	490018	717928
1877	490246	717619
1878	490475	717310
1879	490711	717013
1880	491022	716825
1881	491207	716453
1882	491511	716255
1883	491738	715943
1884	492025	715720
1885	492309	715493
1886	492533	715178
1887	492729	714822
1888	492952	714506
1889	493133	714130
1890	493427	713917
1891	493649	713600
1892	493854	713258
1893	494088	712958
1894	494377	712737
1895	494609	712435
1896	494813	712093
1897	495042	711786
1898	495286	711500
1899	495509	711187
1900	495796	710963
1901	496469	711292
1902	497349	711918
1903	498115	712378
1904	499032	713053
1905	499849	713583
1906	500672	714121
1907	501589	714792
1908	502061	714826
1909	502294	714520
1910	502517	714201
1911	502752	713898
1912	503033	713660
1913	503328	713443
1914	503544	713114
1915	503791	712828
1916	504015	712509
1917	504239	712192
1918	504469	711882
1919	504685	711554
1920	504954	711300
1921	505175	710978
1922	505438	710714
1923	505667	710404
1924	505873	710062
1925	506131	709792
1926	506326	709435
1927	506596	709182
1928	506897	708973
1929	510451	713310
1930	512627	715714
1931	513565	716386
1932	514227	716672
1933	515116	717274
1934	515527	717209
1935	515942	717149
1936	516240	716926
1937	516509	716663
1938	516777	716398
1939	517057	716150
1940	517429	716030
1941	517802	715911
1942	518091	715674
1943	518404	715472
1944	518643	715168
1945	518929	714928
1946	519212	714683
1947	519526	714482
1948	519837	714275
1949	520106	714012
1950	520380	713755
1951	520756	713639
1952	521010	713354
1953	521409	713268
1954	521596	712893
1955	521922	712706
1956	522162	712403
1957	522449	712164
1958	522725	711909
1959	522968	711610
1960	523279	711403
1961	523505	711081
1962	523726	710752
1963	523946	710422
1964	524203	710142
1965	524456	709857
1966	524723	709591
1967	524974	709302
1968	525216	709001
1969	525454	708696
1970	525656	708342
1971	525996	708174
1972	526163	707774
1973	526504	707607
1974	526786	707360
1975	526970	706982
1976	527187	706649
1977	527478	706415
1978	527735	706136
1979	527977	705836
1980	528206	705520
1981	528394	705148
1982	528688	704918
1983	528878	704548
1984	529274	704455
1985	529435	704047
1986	529749	703843
1987	530199	703821
1988	530639	703784
1989	530848	703441
1990	531134	703199
1991	531431	702972
1992	531834	702885
1993	532010	702498
1994	532405	702401
1995	532872	702398
1996	533088	702065
1997	533523	702018
1998	533702	701635
1999	533912	701293
2000	534223	701084
2001	534465	700785
2002	534712	700492
2003	535012	700268
2004	535236	699944
2005	535473	699639
2006	535791	699438
2007	536086	699208
2008	536370	698963
2009	536604	698653
2010	536865	698378
2011	537028	697976
2012	537365	697801
2013	537603	697496
2014	537945	697326
2015	538194	697037
2016	538391	696679
2017	538745	696524
2018	538980	696217
2019	539281	695993
2020	539544	695720
2021	539827	695475
2022	540102	695217
2023	540327	694897
2024	540618	694661
2025	540867	694371
2026	541144	694117
2027	541373	693801
2028	541739	693661
2029	541939	693309
2030	542145	692963
2031	542384	692661
2032	542572	692294
2033	542812	691992
2034	543061	691703
2035	543287	691383
2036	543560	691124
2037	543777	690794
2038	543989	690458
2039	544261	690198
2040	544714	690167
2041	544969	689885
2042	545250	689636
2043	545539	689397
2044	545783	689102
2045	546086	688880
2046	546306	688554
2047	546623	688350
2048	546824	688001
2049	547098	687742
2050	547408	687530
2051	547510	687056
2052	547852	686883
2053	548225	686749
2054	548715	686762
2055	549172	686733
2056	549584	686646
2057	549864	686396
2058	550098	686087
2059	550337	685784
2060	550594	685505
2061	550864	685241
2062	551104	684940
2063	551373	684675
2064	551570	684320
2065	551807	684016
2066	552059	683731
2067	552463	683633
2068	552784	683432
2069	552927	683012
2070	553160	682703
2071	553373	682369
2072	553632	682091
2073	553943	681878
2074	554149	681537
2075	554389	681237
2076	554658	680971
2077	554869	680636
2078	555268	680531
2079	555425	680129
2080	555646	679806
2081	556007	679653
2082	556259	679368
2083	556521	679094
2084	556828	678876
2085	557151	678677
2086	557420	678412
2087	557710	678174
2088	557823	677720
2089	558115	677482
2090	558370	677200
2091	558768	677093
2092	559070	676867
2093	559440	676725
2094	559741	676498
2095	560035	676264
2096	560274	675962
2097	560530	675682
2098	560684	675279
2099	560970	675034
2100	561308	674852
2101	561567	674575
2102	561818	674289
2103	562076	674011
2104	562347	673748
2105	562620	673487
2106	562866	673195
2107	563100	672888
2108	563367	672622
2109	563567	672275
2110	563830	672002
2111	564044	671672
2112	564313	671407
2113	564534	671085
2114	564817	670837
2115	565118	670611
2116	565342	670292
2117	565635	670056
2118	565941	669836
2119	566117	669460
2120	566373	669181
2121	566676	668956
2122	566966	668716
2123	567209	668420
2124	567453	668127
2125	567764	667911
2126	567947	667545
2127	568287	667364
2128	568580	667126
2129	568909	666932
2130	569261	666765
2131	569468	666427
2132	569797	666232
2133	570022	665917
2134	570370	665744
2135	570708	665559
2136	570986	665305
2137	571285	665074
2138	571508	664756
2139	571666	664361
2140	571897	664053
2141	572301	663944
2142	572522	663623
2143	572880	663462
2144	573130	663174
2145	573293	662787
2146	573598	662563
2147	573896	662332
2148	574117	662011
2149	574365	661722
2150	574757	661599
2151	574972	661272
2152	575228	660992
2153	575525	660759
2154	575685	660368
2155	576003	660160
2156	576320	659950
2157	576527	659614
2158	576914	659484
2159	577188	659224
2160	577362	658850
2161	577615	658567
2162	577919	658342
2163	578311	658216
2164	578530	657894
2165	578903	657748
2166	579069	657365
2167	579297	657053
2168	579567	656789
2169	579786	656468
2170	580150	656310
2171	580526	656165
2172	580755	655855
2173	581118	655696
2174	581355	655394
2175	581597	655099
2176	581848	654813
2177	582126	654558
2178	582339	654229
2179	582591	653945
2180	582834	653651
2181	583058	653335
2182	583384	653133
2183	583629	652841
2184	583971	652658
2185	584208	652357
2186	584478	652092
2187	584716	651793
2188	584934	651471
2189	585155	651152
2190	585482	650952
2191	585790	650729
2192	586008	650407
2193	586291	650157
2194	586584	649919
2195	586790	649584
2196	587064	649325
2197	587304	649027
2198	587581	648770
2199	587750	648395
2200	587990	648099
2201	588276	647852
2202	588637	647687
2203	588839	647349
2204	589063	647034
2205	589350	646789
2206	589591	646493
2207	589796	646158
2208	590073	645901
2209	590316	645608
2210	590590	645348
2211	590887	645114
2212	591293	644998
2213	591533	644702
2214	591743	644372
2215	592039	644136
2216	592374	643943
2217	592645	643680
2218	592909	643409
2219	593231	643202
2220	593478	642912
2221	593692	642587
2222	593955	642316
2223	594224	642050
2224	594480	641771
2225	594765	641524
2226	595062	641288
2227	595319	641010
2228	595549	640703
2229	595803	640422
2230	596209	640304
2231	596417	639973
2232	596720	639743
2233	597031	639524
2234	597269	639224
2235	597536	638958
2236	597893	638786
2237	598125	638482
2238	598430	638254
2239	598737	638030
2240	599010	637768
2241	599174	637391
2242	599444	637126
2243	599668	636813
2244	599942	636553
2245	600134	636206
2246	600397	635935
2247	600705	635710
2248	600954	635424
2249	601127	635057
2250	601543	634947
2251	601973	634852
2252	602176	634517
2253	602424	634229
2254	602749	634022
2255	603059	633800
2256	603278	633482
2257	603590	633262
2258	603849	632985
2259	604124	632727
2260	604353	632419
2261	604627	632158
2262	604898	631895
2263	605165	631628
2264	605385	631311
2265	605675	631068
2266	605917	630774
2267	606238	630563
2268	606521	630311
2269	606761	630016
2270	607041	629762
2271	607296	629482
2272	607523	629173
2273	607712	628825
2274	608003	628581
2275	608304	628349
2276	608596	628108
2277	608865	627842
2278	609097	627538
2279	609305	627210
2280	609565	626935
2281	609693	626525
2282	610085	626386
2283	610343	626110
2284	610624	625857
2285	610848	625544
2286	611047	625208
2287	611393	625021
2288	611716	624811
2289	611986	624546
2290	612361	624389
2291	612786	624282
2292	613005	623965
2293	613298	623725
2294	613544	623436
2295	613834	623191
2296	614088	622911
2297	614371	622659
2298	614741	622496
2299	614982	622201
2300	615252	621937
2301	615509	621659
2302	615762	621377
2303	615976	621056
2304	616227	620772
2305	616556	620567
2306	616778	620254
2307	617031	619972
2308	617289	619695
2309	617494	619366
2310	617733	619069
2311	617956	618758
2312	618251	618518
2313	618465	618197
2314	618774	617972
2315	618963	617626
2316	619232	617361
2317	619523	617118
2318	619725	616785
2319	620055	616581
2320	620259	616250
2321	620559	616015
2322	620812	615735
2323	621105	615492
2324	621342	615196
2325	621581	614900
2326	621766	614551
2327	622057	614308
2328	622368	614084
2329	622775	613955
2330	623126	613769
2331	623373	613482
2332	623696	613270
2333	623969	613008
2334	624196	612701
2335	624436	612407
2336	624750	612185
2337	624997	611898
2338	625362	611727
2339	625508	611341
2340	626112	611402
2341	626463	611216
2342	626734	610952
2343	626993	610676
2344	627287	610434
2345	627598	610210
2346	627858	609935
2347	628148	609689
2348	628336	609344
2349	628596	609070
2350	628820	608760
2351	629049	608455
2352	629259	608132
2353	629495	607834
2354	629680	607488
2355	629961	607233
2356	630253	606989
2357	630482	606686
2358	630696	606367
2359	630987	606122
2360	631319	605916
2361	631618	605679
2362	631782	605313
2363	632041	605038
2364	632318	604780
2365	632602	604528
2366	632877	604268
2367	633241	604092
2368	633384	603707
2369	633753	603536
2370	634025	603273
2371	634217	602934
2372	634440	602624
2373	634664	602316
2374	634849	601971
2375	635153	601738
2376	635362	601415
2377	635679	601195
2378	635885	600870
2379	636154	600605
2380	636435	600350
2381	636663	600046
2382	636950	599797
2383	637221	599533
2384	637493	599270
2385	637712	598958
2386	638016	598724
2387	638245	598422
2388	638581	598219
2389	638835	597939
2390	639085	597655
2391	639291	597330
2392	639548	597054
2393	639791	596764
2394	640055	596494
2395	640367	596269
2396	640666	596030
2397	641019	595843
2398	641274	595564
2399	641576	595329
2400	641766	594990
2401	642213	594889
2402	642449	594592
2403	642739	594346
2404	642908	593989
2405	643293	593829
2406	643485	593492
2407	643756	593229
2408	644066	593000
2409	644394	592789
2410	644696	592554
2411	644964	592287
2412	645176	591968
2413	645464	591720
2414	645759	591477
55	590908
2417	646518	590636
2418	646885	590460
9
2418	645262	588978
2419	645573	588752
2420	645830	588476
2	58730242421	644863	58708242422	645215	586892424	645375	586027
584166
2428	645241	583878
2429	645478	583586
2430	645745	583322
00	581114
2431	643638	580915
2432	643858	580610
2433	644251	580461
2434	644437	580125
2435	644740	579896
2436	645067	579686
2437	645292	579387
2438	645600	579161
